km,,AH,BJ,CQ,MD,FJ,GS,GD,GX,GZ,HI,HE,HL,HA,HB,HN,JS,JX,JL,LN,NX,QH,SN,SD,SH,SX,SC,XJ,TJ,XZ,MX,YN,ZJ
,AH,0.00 ,924.63 ,915.0223449,1741.095459,693.9336302,1483.798178,1115.396666,1222.057719,1177.700317,1627.724409,839.6275907,2102.100236,440.7836571,414.1491778,756.4263764,255.3892289,561.2918907,1535.508248,1133.241612,1187.58152,1984.778138,818.556977,487.8113983,433.4922277,769.5232308,1437.008189,3140.802564,832.0793284,2794.388633,1242.074616,1734.884236,423.4694065
,BJ,,0.00 ,1375.144456,861.4206656,1617.979137,1250.028086,1982.286433,1961.668238,1751.74109,2447.379009,124.3646748,1365.079639,768.7549317,1081.715771,1514.987687,863.1447633,1457.282939,917.0081719,500.9973958,985.6949108,1873.652133,806.935724,451.6706513,1130.322873,468.3247306,1715.137611,2746.271373,102.3157901,2781.716564,457.1219504,2203.232483,1287.651794
,CQ,,,0.00 ,2217.022637,1112.842628,975.0894493,966.4666475,703.522914,384.69491,1236.432439,1250.92481,2736.09186,649.8815784,502.7709065,480.1348744,1163.569147,799.2183259,2237.222253,1798.477877,808.6919127,1243.626538,627.8420945,1153.103703,1323.313416,930.125959,536.8810894,2508.653463,1335.471665,1938.347158,1396.380105,856.0449694,1187.162623
,MD,,,,0.00 ,2416.811382,1848.866125,2833.15425,2822.726492,2599.041127,3307.440858,980.3229107,650.3585236,1629.781287,1942.141235,2375.783932,1611.467385,2294.823559,628.4986747,689.2551378,1667.901024,2450.200217,1611.027989,1253.98985,1827.690657,1287.379727,2492.628175,3003.814419,930.9651645,3346.344011,911.9165564,3016.191729,2041.065755
,FJ,,,,,0.00 ,1974.020676,626.730212,959.2026307,1153.80839,1156.702135,1533.111537,2716.589517,1023.112475,759.0303783,669.3192625,812.4766167,314.0773251,2133.778468,1773.032849,1712.83907,2350.160137,1362.672094,1174.460266,679.8807549,1422.37903,1624.408887,3595.258457,1523.961254,3031.719039,1921.701528,1695.422071,417.2466596
,GS,,,,,,0.00 ,1940.408018,1652.288289,1264.470724,2176.391757,1158.496816,2480.326236,1043.156086,1219.060698,1433.829334,1644.447474,1672.86246,2142.082747,1749.232976,304.8082043,625.2887145,666.67179,1367.422002,1904.314678,867.5432688,841.9490096,1657.01795,1286.138187,1535.706418,945.6713663,1402.919966,1887.667995
,GD,,,,,,,0.00 ,438.1014537,790.9748664,537.348898,1874.445886,3217.32875,1246.620204,918.4262572,526.3478521,1319.371769,557.1325359,2647.47657,2248.37875,1747.119211,2155.321186,1470.439148,1587.168763,1267.662414,1658.460191,1344.63193,3436.06235,1903.721092,2686.31317,2177.715507,1223.740947,1009.451388
,GX,,,,,,,,0.00 ,404.0399691,532.9095275,1842.583747,3278.434911,1192.967534,891.7355244,468.757364,1464.892948,752.9148091,2734.073697,2309.259492,1511.270486,1777.389766,1306.858381,1631.879705,1494.400694,1565.626213,955.0445415,3055.872482,1899.838812,2255.545843,2065.719731,786.1755138,1262.426804
,GZ,,,,,,,,,0.00 ,913.0655036,1628.001175,3106.951158,1004.218363,776.263019,496.9078906,1433.080261,870.7017335,2594.457941,2157.641128,1153.938979,1376.604531,1011.420791,1495.269145,1537.727599,1313.369885,556.9009754,2656.833256,1706.598003,1911.08576,1779.607826,567.620244,1350.050994
,HI,,,,,,,,,,0.00 ,2332.501229,3725.342233,1685.308237,1365.663998,933.0087628,1845.241583,1082.331195,3163.114178,2753.379945,2043.89527,2244.848535,1833.554736,2081.367886,1804.850381,2076.433212,1429.516559,3507.646995,2377.292519,2598.81258,2584.862811,1090.854577,1546.751812
,HE,,,,,,,,,,,0.00 ,1489.212497,649.8972502,967.4467487,1399.551065,808.0681638,1357.625857,1032.611815,607.1737969,883.7324339,1778.632228,685.7371714,392.9399929,1084.693327,347.7475613,1594.158778,2691.694797,127.8204409,2683.751802,453.506492,2079.275501,1221.458231
,HL,,,,,,,,,,,,0.00 ,2105.876926,2386.985047,2814.112735,1912.101127,2661.401912,585.2175443,972.1598921,2277.139972,3090.285153,2166.733584,1648.08025,2058.789332,1829.552248,3070.305766,3640.187474,1400.909159,3991.088554,1535.041487,3568.218677,2307.734456
,HA,,,,,,,,,,,,,0.00 ,328.2111449,752.7686143,620.8797243,776.7781856,1591.209823,1153.657676,747.1768486,1560.113188,377.934265,504.6074297,864.4719209,416.850308,1103.392455,2700.103306,710.585244,2398.017592,935.8471832,1505.357777,852.905127
,HB,,,,,,,,,,,,,,0.00 ,433.8015271,666.6516399,475.5842124,1848.093197,1419.285236,953.8203945,1644.955692,609.2288626,742.8219644,822.7623914,741.819099,1032.266734,2857.284971,1013.230035,2412.704204,1261.605039,1324.962634,711.860009
,HN,,,,,,,,,,,,,,,0.00 ,1003.837675,374.4584669,2266.194021,1843.427499,1225.090902,1719.699468,944.9401631,1166.199548,1064.247072,1151.571449,959.916214,2988.48756,1447.001229,2364.165413,1667.089593,1059.192618,859.3948743
,JS,,,,,,,,,,,,,,,,0.00 ,763.5868122,1334.007209,960.6449936,1340.997221,2180.618993,981.2261014,415.5718257,283.8558324,846.2699453,1677.520063,3294.160636,761.9288514,3013.820213,1249.987406,1989.782673,432.4342238
,JX,,,,,,,,,,,,,,,,,0.00 ,2090.415045,1694.187496,1421.85923,2036.266853,1084.557445,1041.931984,745.4531928,1191.467748,1315.721703,3284.340984,1372.185398,2724.264069,1706.344526,1428.872447,509.8273671
,JL,,,,,,,,,,,,,,,,,,0.00 ,439.0294837,1895.790398,2766.973596,1715.89725,1105.611036,1473.59593,1379.779881,2622.842607,3500.573806,921.1532844,3677.574038,1224.982021,3086.5374,1723.386839
,LN,,,,,,,,,,,,,,,,,,,0.00 ,1486.468559,2373.671827,1283.17141,677.4045203,1150.587303,950.3364533,2187.731939,3197.664776,488.7130202,3282.364248,883.4235254,2647.526225,1378.637374
,NX,,,,,,,,,,,,,,,,,,,,0.00 ,899.783331,369.3024699,1065.510918,1603.565053,571.7171744,856.6355981,1955.705733,1009.61898,1800.574272,757.678458,1414.682479,1597.815676
,QH,,,,,,,,,,,,,,,,,,,,,0.00 ,1211.480035,1954.247732,2417.628186,1470.683094,822.69867,1281.091865,1905.710702,910.6004425,1561.391733,1246.895136,2353.527393
,SN,,,,,,,,,,,,,,,,,,,,,,0.00 ,751.5625732,1237.743304,338.6215015,908.4266015,2322.983047,795.1674367,2080.991352,768.5400794,1406.913204,1228.979407
,SD,,,,,,,,,,,,,,,,,,,,,,,0.00 ,692.1080836,506.492088,1597.860722,2981.241247,352.8537733,2832.391021,839.9456018,2009.111351,836.0601365
,SH,,,,,,,,,,,,,,,,,,,,,,,,0.00 ,1127.462274,1855.025524,3559.252808,1028.100378,3225.308637,1530.837407,2104.744188,263.3636364
,SX,,,,,,,,,,,,,,,,,,,,,,,,,0.00 ,1246.865944,2475.770797,461.7228067,2365.792996,519.7859454,1740.216188,1191.052916
,SC,,,,,,,,,,,,,,,,,,,,,,,,,,0.00 ,2101.018392,1701.6996,1408.690344,1597.796795,565.1144949,1723.999226
,XJ,,,,,,,,,,,,,,,,,,,,,,,,,,,0.00 ,2813.985983,1223.67558,2314.979765,2456.744823,3542.510664
,TJ,,,,,,,,,,,,,,,,,,,,,,,,,,,,0.00 ,2810.066202,546.8611063,2174.402627,1187.916493
,XZ,,,,,,,,,,,,,,,,,,,,,,,,,,,,,0.00 ,2468.852093,1509.959994,3119.826861
,MX,,,,,,,,,,,,,,,,,,,,,,,,,,,,,,0.00 ,2139.099051,1647.249302
,YN,,,,,,,,,,,,,,,,,,,,,,,,,,,,,,,0.00 ,1916.566761
,ZJ,,,,,,,,,,,,,,,,,,,,,,,,,,,,,,,,0.00 
