ton/hr,,,AH,BJ,CQ,FJ,GS,GD,GX,GZ,HI,HE,HL,HA,HB,HN,WN,EN,JS,JX,JL,LN,NX,QH,SN,SD,SH,SX,SC,TJ,XZ,XJ,YN,ZJ
,ppln,AH,0,0,0,0,0,0,0,0,0,0,0,0,0,0,0,0,0,0,0,0,0,0,0,0,0,0,0,0,0,0,0,0
,ppln,BJ,,0,0,0,0,0,0,0,0,0,0,0,0,0,0,0,0,0,0,0,0,0,0,0,0,0,0,0,0,0,0,0
,ppln,CQ,,,0,0,0,0,0,0,0,0,0,0,0,0,0,0,0,0,0,0,0,0,0,0,0,0,0,0,0,0,0,0
,ppln,FJ,,,,0,0,0,0,0,0,0,0,0,0,0,0,0,0,0,0,0,0,0,0,0,0,0,0,0,0,0,0,0
,ppln,GS,,,,,0,0,0,0,0,0,0,0,0,0,0,0,0,0,0,0,0,0,0,0,0,0,0,0,0,0,0,0
,ppln,GD,,,,,,0,0,0,0,0,0,0,0,0,0,0,0,0,0,0,0,0,0,0,0,0,0,0,0,0,0,0
,ppln,GX,,,,,,,0,0,0,0,0,0,0,0,0,0,0,0,0,0,0,0,0,0,0,0,0,0,0,0,0,0
,ppln,GZ,,,,,,,,0,0,0,0,0,0,0,0,0,0,0,0,0,0,0,0,0,0,0,0,0,0,0,0,0
,ppln,HI,,,,,,,,,0,0,0,0,0,0,0,0,0,0,0,0,0,0,0,0,0,0,0,0,0,0,0,0
,ppln,HE,,,,,,,,,,0,0,0,0,0,0,0,0,0,0,0,0,0,0,0,0,0,0,0,0,0,0,0
,ppln,HL,,,,,,,,,,,0,0,0,0,0,0,0,0,0,0,0,0,0,0,0,0,0,0,0,0,0,0
,ppln,HA,,,,,,,,,,,,0,0,0,0,0,0,0,0,0,0,0,0,0,0,0,0,0,0,0,0,0
,ppln,HB,,,,,,,,,,,,,0,0,0,0,0,0,0,0,0,0,0,0,0,0,0,0,0,0,0,0
,ppln,HN,,,,,,,,,,,,,,0,0,0,0,0,0,0,0,0,0,0,0,0,0,0,0,0,0,0
,ppln,WN,,,,,,,,,,,,,,,0,0,0,0,0,0,0,0,0,0,0,0,0,0,0,0,0,0
,ppln,EN,,,,,,,,,,,,,,,,0,0,0,0,0,0,0,0,0,0,0,0,0,0,0,0,0
,ppln,JS,,,,,,,,,,,,,,,,,0,0,0,0,0,0,0,0,0,0,0,0,0,0,0,0
,ppln,JX,,,,,,,,,,,,,,,,,,0,0,0,0,0,0,0,0,0,0,0,0,0,0,0
,ppln,JL,,,,,,,,,,,,,,,,,,,0,0,0,0,0,0,0,0,0,0,0,0,0,0
,ppln,LN,,,,,,,,,,,,,,,,,,,,0,0,0,0,0,0,0,0,0,0,0,0,0
,ppln,NX,,,,,,,,,,,,,,,,,,,,,0,0,0,0,0,0,0,0,0,0,0,0
,ppln,QH,,,,,,,,,,,,,,,,,,,,,,0,0,0,0,0,0,0,0,0,0,0
,ppln,SN,,,,,,,,,,,,,,,,,,,,,,,0,0,0,0,0,0,0,0,0,0
,ppln,SD,,,,,,,,,,,,,,,,,,,,,,,,0,0,0,0,0,0,0,0,0
,ppln,SH,,,,,,,,,,,,,,,,,,,,,,,,,0,0,0,0,0,0,0,0
,ppln,SX,,,,,,,,,,,,,,,,,,,,,,,,,,0,0,0,0,0,0,0
,ppln,SC,,,,,,,,,,,,,,,,,,,,,,,,,,,0,0,0,0,0,0
,ppln,TJ,,,,,,,,,,,,,,,,,,,,,,,,,,,,0,0,0,0,0
,ppln,XZ,,,,,,,,,,,,,,,,,,,,,,,,,,,,,0,0,0,0
,ppln,XJ,,,,,,,,,,,,,,,,,,,,,,,,,,,,,,0,0,0
,ppln,YN,,,,,,,,,,,,,,,,,,,,,,,,,,,,,,,0,0
,ppln,ZJ,,,,,,,,,,,,,,,,,,,,,,,,,,,,,,,,0
