USD/ton/yr,,,y1,y2,y3,y4,y5,y6,y7,y8,y9,y10,y11,y12,y13,y14,y15,y16,y17,y18,y19,y20,y21,y22,y23,y24,y25,y26
 KOH with Ca looping,kclg,high,22.37,22.19,22.02,21.85,21.68,21.51,21.44,21.38,21.3,21.23,21.17,21.1,21.02,20.96,20.89,20.83,20.75,20.68,20.62,20.55,20.48,20.41,20.34,20.28,20.21,20.13
USD/ton/yr,kclg,mid,24.85,24.66,24.47,24.28,24.09,23.9,23.82,23.75,23.67,23.59,23.52,23.44,23.36,23.29,23.21,23.14,23.06,22.98,22.91,22.83,22.75,22.68,22.6,22.53,22.45,22.37
,kclg,low,27.34,27.13,26.92,26.71,26.5,26.29,26.2,26.13,26.04,25.95,25.87,25.78,25.7,25.62,25.53,25.45,25.37,25.28,25.2,25.11,25.03,24.95,24.86,24.78,24.7,24.61
 KOH with BPMED,kbpd,high,20.17,19.71,19.25,18.8,18.34,17.88,17.79,17.71,17.62,17.53,17.45,17.36,17.28,17.19,17.11,17.02,16.93,16.85,16.76,16.68,16.59,16.51,16.42,16.33,16.25,16.16
USD/ton/yr,kbpd,mid,22.41,21.9,21.39,20.89,20.38,19.87,19.77,19.68,19.58,19.48,19.39,19.29,19.2,19.1,19.01,18.91,18.81,18.72,18.62,18.53,18.43,18.34,18.24,18.14,18.05,17.95
,kbpd,low,24.65,24.09,23.53,22.98,22.42,21.86,21.75,21.65,21.54,21.43,21.33,21.22,21.12,21.01,20.91,20.8,20.69,20.59,20.48,20.38,20.27,20.17,20.06,19.95,19.86,19.75
Solid sorbent,sdbn,high,143.6,130,116.4,102.8,89.2,75.6,74.67,73.76,72.84,71.91,70.99,70.07,69.15,68.22,67.3,66.38,65.65,64.91,64.17,63.43,62.69,61.96,61.22,60.48,59.74,59
USD/ton/yr,sdbn,mid,159.55,144.44,129.33,114.22,99.11,84,82.97,81.95,80.93,79.9,78.88,77.85,76.83,75.8,74.78,73.75,72.94,72.12,71.3,70.48,69.66,68.84,68.02,67.2,66.38,65.56
,sdbn,low,175.51,158.88,142.26,125.64,109.02,92.4,91.27,90.15,89.02,87.89,86.77,85.64,84.51,83.38,82.26,81.13,80.23,79.33,78.43,77.53,76.63,75.72,74.82,73.92,73.02,72.12
MgO Looping,molg,high,24.18,24.03,23.88,23.72,23.56,23.41,23.27,23.11,22.97,22.82,22.67,22.53,22.37,22.23,22.08,21.93,21.81,21.69,21.56,21.44,21.32,21.2,21.07,20.94,20.83,20.7
USD/ton/yr,molg,mid,26.87,26.7,26.53,26.35,26.18,26.01,25.85,25.68,25.52,25.36,25.19,25.03,24.86,24.7,24.53,24.37,24.23,24.1,23.96,23.82,23.69,23.55,23.41,23.27,23.14,23
,molg,low,29.56,29.37,29.18,28.99,28.8,28.61,28.44,28.25,28.07,27.9,27.71,27.53,27.35,27.17,26.98,26.81,26.65,26.51,26.36,26.2,26.06,25.91,25.75,25.6,25.45,25.3
Compresser,comp,high,6387.71,6285.51,6183.31,6081.12,5978.9,5876.7,5774.5,5672.3,5570.1,5467.88,5365.68,5263.48,5161.28,5059.08,4956.88,4854.66,4752.46,4650.26,4548.06,4445.86,4343.64,4241.44,4139.24,4037.04,3934.84,3832.62
USD/ton/hr/yr,comp,mid,7258.77,7142.62,7026.5,6910.35,6794.21,6678.06,6561.93,6445.79,6329.64,6213.52,6097.37,5981.22,5865.08,5748.95,5632.8,5516.66,5400.53,5284.39,5168.24,5052.09,4935.97,4819.82,4703.68,4587.55,4471.4,4355.26
,comp,low,8129.83,7999.75,7869.66,7739.59,7609.52,7479.44,7349.35,7219.28,7089.21,6959.13,6829.04,6698.97,6568.9,6438.82,6308.75,6178.66,6048.59,5918.51,5788.44,5658.35,5528.28,5398.21,5268.13,5138.04,5007.97,4877.9
Carbon Storage,dsac,high,8370.18,8370.18,8370.18,8370.18,8370.18,8370.18,8370.18,8370.18,8370.18,8370.18,8370.18,8370.18,8370.18,8370.18,8370.18,8370.18,8370.18,8370.18,8370.18,8370.18,8370.18,8370.18,8370.18,8370.18,8370.18,8370.18
USD/ton/hr/yr,dsac,mid,4570.09,4570.09,4570.09,4570.09,4570.09,4570.09,4570.09,4570.09,4570.09,4570.09,4570.09,4570.09,4570.09,4570.09,4570.09,4570.09,4570.09,4570.09,4570.09,4570.09,4570.09,4570.09,4570.09,4570.09,4570.09,4570.09
,dsac,low,2628,2628,2628,2628,2628,2628,2628,2628,2628,2628,2628,2628,2628,2628,2628,2628,2628,2628,2628,2628,2628,2628,2628,2628,2628,2628
