USD/ton,,,y1,y2,y3,y4,y5,y6,y7,y8,y9,y10,y11,y12,y13,y14,y15,y16,y17,y18,y19,y20,y21,y22,y23,y24,y25,y26
 KOH with Ca looping,kclg,high,2.22,2.21,2.19,2.17,2.16,2.14,2.13,2.12,2.12,2.12,2.11,2.1,2.09,2.09,2.08,2.07,2.06,2.06,2.05,2.04,2.03,2.03,2.03,2.02,2.01,2
USD/ton,kclg,mid,2.47,2.45,2.43,2.41,2.4,2.38,2.37,2.36,2.35,2.35,2.34,2.33,2.32,2.32,2.31,2.3,2.29,2.29,2.28,2.27,2.26,2.26,2.25,2.24,2.23,2.22
,kclg,low,2.72,2.7,2.67,2.65,2.64,2.62,2.61,2.6,2.59,2.59,2.57,2.56,2.55,2.55,2.54,2.53,2.52,2.52,2.51,2.5,2.49,2.49,2.48,2.46,2.45,2.44
 KOH with BPMED,kbpd,high,228.01,222.83,217.66,212.48,207.31,202.13,201.16,200.18,199.21,198.23,197.26,196.28,195.31,194.34,193.37,192.38,191.41,190.44,189.47,188.5,187.52,186.54,185.57,184.6,183.62,182.65
USD/ton,kbpd,mid,253.34,247.59,241.84,236.09,230.34,224.59,223.51,222.42,221.34,220.26,219.18,218.09,217.01,215.93,214.85,213.76,212.68,211.6,210.52,209.44,208.35,207.27,206.19,205.11,204.02,202.94
,kbpd,low,278.67,272.35,266.02,259.7,253.37,247.05,245.86,244.66,243.47,242.29,241.1,239.9,238.71,237.52,236.34,235.14,233.95,232.76,231.57,230.38,229.19,228,226.81,225.62,224.42,223.23
Solid sorbent,sdbn,high,89.82,81.32,72.81,64.31,55.8,47.3,46.71,46.13,45.56,44.98,44.41,43.83,43.25,42.68,42.1,41.53,41.06,40.6,40.14,39.68,39.21,38.75,38.3,37.84,37.37,36.91
USD/ton,sdbn,mid,99.8,90.35,80.9,71.45,62,52.55,51.9,51.26,50.62,49.98,49.34,48.7,48.06,47.42,46.78,46.14,45.62,45.11,44.6,44.09,43.57,43.06,42.55,42.04,41.52,41.01
,sdbn,low,109.78,99.39,88.99,78.6,68.2,57.81,57.09,56.39,55.68,54.98,54.27,53.57,52.87,52.16,51.46,50.75,50.18,49.62,49.06,48.5,47.93,47.37,46.81,46.24,45.67,45.11
MgO Looping,molg,high,1.84,1.83,1.82,1.81,1.79,1.78,1.77,1.76,1.75,1.74,1.73,1.71,1.7,1.69,1.68,1.67,1.66,1.65,1.64,1.63,1.62,1.61,1.6,1.59,1.58,1.58
USD/ton,molg,mid,2.04,2.03,2.02,2.01,1.99,1.98,1.97,1.95,1.94,1.93,1.92,1.9,1.89,1.88,1.87,1.85,1.84,1.83,1.82,1.81,1.8,1.79,1.78,1.77,1.76,1.75
,molg,low,2.24,2.23,2.22,2.21,2.19,2.18,2.17,2.15,2.13,2.12,2.11,2.09,2.08,2.07,2.06,2.04,2.02,2.01,2,1.99,1.98,1.97,1.96,1.95,1.94,1.93
Compresser,comp,high,0,0,0,0,0,0,0,0,0,0,0,0,0,0,0,0,0,0,0,0,0,0,0,0,0,0
USD/ton/hr,comp,mid,0,0,0,0,0,0,0,0,0,0,0,0,0,0,0,0,0,0,0,0,0,0,0,0,0,0
,comp,low,0,0,0,0,0,0,0,0,0,0,0,0,0,0,0,0,0,0,0,0,0,0,0,0,0,0
Carbon Storage,dsac,high,0.1739,0.1739,0.1739,0.1739,0.1739,0.1739,0.1739,0.1739,0.1739,0.1739,0.1739,0.1739,0.1739,0.1739,0.1739,0.1739,0.1739,0.1739,0.1739,0.1739,0.1739,0.1739,0.1739,0.1739,0.1739,0.1739
USD/ton,dsac,mid,0.1739,0.1739,0.1739,0.1739,0.1739,0.1739,0.1739,0.1739,0.1739,0.1739,0.1739,0.1739,0.1739,0.1739,0.1739,0.1739,0.1739,0.1739,0.1739,0.1739,0.1739,0.1739,0.1739,0.1739,0.1739,0.1739
,dsac,low,0.1739,0.1739,0.1739,0.1739,0.1739,0.1739,0.1739,0.1739,0.1739,0.1739,0.1739,0.1739,0.1739,0.1739,0.1739,0.1739,0.1739,0.1739,0.1739,0.1739,0.1739,0.1739,0.1739,0.1739,0.1739,0.1739
