Km,,AH,BJ,CQ,FJ,GD,GS,GX,GZ,HA,HB,HE,HI,HL,HN,JL,JS,JX,LN,MD,MX,NX,QH,SC,SD,SH,SN,SX,TJ,XJ,XZ,YN,ZJ
Anhui,AH,0,0,0,0,0,0,0,0,0,0,0,0,0,0,0,255.3892289,0,0,0,0,0,0,0,0,0,0,0,0,3140.802564,0,0,423.4694065
Beijing,BJ,0,0,0,0,0,0,0,0,0,0,124.3646748,0,0,0,0,0,0,0,0,457.1219504,0,0,0,451.6706513,0,0,468.3247306,102.3157901,0,0,0,0
Chongqing,CQ,0,0,0,0,0,0,0,384.69491,0,0,0,0,0,0,0,0,0,0,0,0,0,0,536.8810894,0,0,0,0,0,0,0,0,0
Fujian,FJ,0,0,0,0,626.730212,0,0,0,0,0,0,0,0,0,0,0,0,0,0,0,0,0,0,0,0,0,0,0,0,0,0,417.2466596
Gansu,GD,0,0,0,0,0,0,438.1014537,790.9748664,0,918.4262572,0,537.348898,0,526.3478521,0,0,0,0,0,0,0,0,0,0,0,0,0,0,0,0,1223.740947,0
Guangdong,GS,0,0,0,0,0,0,0,0,0,0,0,0,0,1433.829334,0,0,0,0,0,0,304.8082043,625.2887145,0,0,0,666.67179,0,0,1657.01795,0,0,0
Guangxi,GX,0,0,0,0,0,0,0,0,0,0,0,0,0,0,0,0,0,0,0,0,0,0,0,0,0,0,0,0,0,0,786.1755138,0
Guizhou,GZ,0,0,0,0,0,0,0,0,0,0,0,0,0,0,0,0,0,0,0,0,0,0,0,0,0,0,0,0,0,0,0,0
Hainan,HA,0,0,0,0,0,0,0,0,0,328.2111449,649.8972502,0,0,0,0,0,0,0,0,0,0,1560.113188,0,0,0,377.934265,416.850308,0,2700.103306,0,0,0
Hebei,HB,0,0,0,0,0,0,0,0,0,0,0,0,0,433.8015271,0,666.6516399,0,0,0,0,0,0,0,0,822.7623914,609.2288626,0,0,0,0,0,0
Heilongjiang,HE,0,0,0,0,0,0,0,0,0,0,0,0,0,0,0,0,0,607.1737969,0,453.506492,0,0,0,392.9399929,0,0,347.7475613,0,0,0,0,0
Henan,HI,0,0,0,0,0,0,0,0,0,0,0,0,0,0,0,0,0,0,0,0,0,0,0,0,0,0,0,0,0,0,0,0
Hubei,HL,0,0,0,0,0,0,0,0,0,0,0,0,0,0,585.2175443,0,0,0,650.3585236,0,0,0,0,0,0,0,0,0,0,0,0,0
Hunan,HN,0,0,0,0,0,0,0,0,0,0,0,0,0,0,0,0,374.4584669,0,0,0,0,0,0,0,0,0,0,0,0,0,0,0
W_InnerMongo,JL,0,0,0,0,0,0,0,0,0,0,0,0,0,0,0,0,0,439.0294837,628.4986747,0,0,0,0,0,0,0,0,0,0,0,0,0
E_InnerMongo,JS,0,0,0,0,0,0,0,0,0,0,0,0,0,0,0,0,0,0,0,1249.987406,0,0,1677.520063,0,283.8558324,0,846.2699453,0,0,0,0,0
Jiangsu,JX,0,0,0,0,0,0,0,0,0,0,0,0,0,0,0,0,0,0,0,0,0,0,1315.721703,0,0,0,0,0,0,0,0,0
Jiangxi,LN,0,0,0,0,0,0,0,0,0,0,0,0,0,0,0,0,0,0,689.2551378,0,0,0,0,0,0,0,0,0,0,0,0,0
Jilin,MD,0,0,0,0,0,0,0,0,0,0,0,0,0,0,0,0,0,0,0,0,0,0,0,1253.98985,0,0,0,0,0,0,0,0
Liaoning,MX,0,0,0,0,0,0,0,0,0,0,0,0,0,0,0,0,0,0,0,0,0,0,0,839.9456018,0,0,519.7859454,0,0,0,0,0
Ningxia,NX,0,0,0,0,0,0,0,0,0,0,0,0,0,0,0,0,0,0,0,0,0,0,0,1065.510918,0,0,0,0,0,0,0,1597.815676
Qinghai,QH,0,0,0,0,0,0,0,0,0,0,0,0,0,0,0,0,0,0,0,0,0,0,0,0,0,0,0,0,0,910.6004425,0,0
Shaanxi,SC,0,0,0,0,0,0,0,0,0,0,0,0,0,0,0,0,0,0,0,0,0,0,0,0,1855.025524,908.4266015,0,0,0,1408.690344,0,1723.999226
Shandong,SD,0,0,0,0,0,0,0,0,0,0,0,0,0,0,0,0,0,0,0,0,0,0,0,0,0,0,0,0,0,0,0,0
Shanghai,SH,0,0,0,0,0,0,0,0,0,0,0,0,0,0,0,0,0,0,0,0,0,0,0,0,0,0,0,0,0,0,0,263.3636364
Shanxi,SN,0,0,0,0,0,0,0,0,0,0,0,0,0,0,0,0,0,0,0,0,0,0,0,0,0,0,338.6215015,0,0,0,0,0
Sichuan,SX,0,0,0,0,0,0,0,0,0,0,0,0,0,0,0,0,0,0,0,0,0,0,0,0,0,0,0,0,0,0,0,0
Tianjin,TJ,0,0,0,0,0,0,0,0,0,0,0,0,0,0,0,0,0,0,0,0,0,0,0,0,0,0,0,0,0,0,0,0
Tibet,XJ,0,0,0,0,0,0,0,0,0,0,0,0,0,0,0,0,0,0,0,0,0,0,0,0,0,0,0,0,0,0,0,0
Xinjiang,XZ,0,0,0,0,0,0,0,0,0,0,0,0,0,0,0,0,0,0,0,0,0,0,0,0,0,0,0,0,0,0,0,0
Yunnan,YN,0,0,0,0,0,0,0,0,0,0,0,0,0,0,0,0,0,0,0,0,0,0,0,0,0,0,0,0,0,0,0,0
Zhejiang,ZJ,0,0,0,0,0,0,0,0,0,0,0,0,0,0,0,0,0,0,0,0,0,0,0,0,0,0,0,0,0,0,0,0
