prov,Pref,Gas_Excap
AH,Anqing,0
AH,Bengbu,0
AH,Bozhou,0
AH,Chizhou,0
AH,Chuzhou,0.9
AH,Fuyang,0
AH,Hefei,1.02
AH,Huaibei,0
AH,Huainan,0
AH,Huangshan,0
AH,Luan,0
AH,Maanshan,0.17
AH,Suzhoux,0
AH,Tongling,0
AH,Wuhu,0.1
AH,Xuancheng,0
BJ,Beijing,9.282
CQ,Chongqing,7.16
FJ,Fuzhou,0.135
FJ,Longyan,0.11
FJ,Nanping,0
FJ,Ningde,0
FJ,Putian,1.56
FJ,Quanzhou,1.64
FJ,Sanming,0.24
FJ,Xiamen,0.78
FJ,Zhangzhou,0
GS,Baiyin,0
GS,Dingxi,0
GS,Gannan,0
GS,Jiayuguan,0.18
GS,Jinchang,0
GS,Jiuquan,0
GS,Lanzhou,0
GS,Linxia,0
GS,Longnan,0
GS,Pingliang,0
GS,Qingyang,0
GS,Tianshui,0
GS,Wuwei,0
GS,Zhangye,0
GD,Chaozhou,0.4
GD,Dongguan,12.2555
GD,Foshan,1.968
GD,Guangzhou,9.6274
GD,Heyuan,0
GD,Huizhou,9.07
GD,Jiangmen,1.89
GD,Jieyang,1.36
GD,Maoming,0.73
GD,Meizhou,0
GD,Qingyuan,0.69
GD,Shantou,1.99
GD,Shanwei,0
GD,Shaoguan,0
GD,Shenzhen,10.265
GD,Yangjiang,0.63
GD,Yunfu,1.19
GD,Zhanjiang,0
GD,Zhaoqing,2.84
GD,Zhongshan,4.868
GD,Zhuhai,4.95
GX,Baise,0
GX,Beihai,0
GX,Chongzuo,0
GX,Fangchenggang,1.205
GX,Guigang,0.1
GX,Guilin,0.42
GX,Hechi,0
GX,Hezhou,0
GX,Laibin,0
GX,Liuzhou,0.135
GX,Nanning,0.12
GX,Qinzhou,0.3
GX,Wuzhou,0.36
GX,Yulin,0
GZ,Anshun,0
GZ,Bijie,0
GZ,Guiyang,0
GZ,Liupanshui,0
GZ,Qiandongnan,0
GZ,Qiannan,0
GZ,Qianxinan,0
GZ,Tongren,0
GZ,Zunyi,0
HI,Baisha,0
HI,Baoting,0
HI,Changjiang,0
HI,Chengmai,0
HI,Danzhou,1.43
HI,Dingan,0
HI,Dongfang,0
HI,Haikou,0.974
HI,Ledong,0
HI,Lingao,0
HI,Lingshui,0
HI,Qionghai,0
HI,Qiongzhong,0
HI,Sanya,1.052
HI,Tunchang,0
HI,Wanning,0.92
HI,Wenchang,1.07
HI,Wuzhishan,0
HE,Baoding,0.815
HE,Cangzhou,0.12
HE,Chengde,0
HE,Handan,0.88
HE,Hengshui,0
HE,Langfang,0.8
HE,Qinhuangdao,0.25
HE,Shijiazhuang,2.631
HE,Tangshan,1.939
HE,Xingtai,0
HE,Zhangjiakou,0
HL,Daqing,0
HL,Daxing,0
HL,Harbin,0.16
HL,Hegang,0
HL,Heihe,0
HL,Jiamusi,0
HL,Jixi,0
HL,Mudanjiang,0
HL,Qiqihar,0
HL,Qitaihe,0
HL,Shuangyashan,0
HL,Suihua,0
HL,Yichunx,0
HA,Anyang,0.05
HA,Hebi,0
HA,Jiaozuo,0
HA,Jiyuan,0.16
HA,Kaifeng,0.78
HA,Luohe,0
HA,Luoyang,0.9
HA,Nanyang,0
HA,Pingdingshan,0
HA,Puyang,0
HA,Sanmenxia,0
HA,Shangqiu,0.08
HA,Xinxiang,0
HA,Xinyang,0
HA,Xuchang,0
HA,Zhengzhou,0.78
HA,Zhoukou,0.9
HA,Zhumadian,0
HB,Enshi,0
HB,Ezhou,0.16
HB,Huanggang,0
HB,Huangshi,0
HB,Jingmen,0.128
HB,Jingzhou,0
HB,Qianjiang,0
HB,Shennongjia,0
HB,Shiyan,0
HB,Suizhou,0
HB,Tianmen,0
HB,Wuhan,1.2665
HB,Xiangyang,0.2456
HB,Xianning,0.18
HB,Xiantao,0
HB,Xiaogan,0
HB,Yichang,0.15
HN,Changde,0
HN,Changsha,0
HN,Chenzhou,0
HN,Hengyang,0.98
HN,Huaihua,0
HN,Loudi,0
HN,Shaoyang,0
HN,Xiangtan,0.42
HN,Xiangxi,0
HN,Yiyang,0
HN,Yongzhou,0
HN,Yueyang,0
HN,Zhangjiajie,0
HN,Zhuzhou,0
MX,Alxa,0
MX,Batou,0.05
MX,Bayannur,0
MD,Chifeng,0.055
MX,Hohhot,0
MD,Hulunbuir,0
MX,Ordos,0.3
MD,Tongliao,0
MX,Ulanqab,0
MX,Wuhai,0
MX,XilinGol,0
MD,Xingan,0.05
JS,Changzhou,3.382
JS,Lianyungang,0.39
JS,Nanjing,2.508
JS,Nantong,2.482
JS,Suqian,0
JS,Suzhou,7.236
JS,Taizhoux,0.36
JS,Weian,1.36
JS,Wuxi,4.379
JS,Xuzhou,0.13
JS,Yancheng,0.4
JS,Yangzhou,2.08
JS,Zhenjiang,1.4
JX,Fuzhoux,0
JX,Ganzhou,0
JX,Jian,0
JX,Jingdezhen,0
JX,Jiujiang,0.26
JX,Nanchang,0
JX,Pingxiang,0.05
JX,Shangrao,0
JX,Xinyu,0.279
JX,Yichun,0
JX,Yingtan,0
JL,Baicheng,0
JL,Baishan,0
JL,Changchun,0
JL,Jilinx,0
JL,Liaoyuan,0.165
JL,Siping,0
JL,Songyuan,0
JL,Tonghua,0
JL,Yanbian,0
LN,Anshan,0.135
LN,Benxi,0.08
LN,Chaoyang,0.2
LN,Dalian,0
LN,Dandong,0
LN,Fushun,0
LN,Fuxin,0
LN,Huludao,0
LN,Jinzhou,0
LN,Liaoyang,0
LN,Panjin,0
LN,Shenyang,0
LN,Tieling,0
LN,Yingkou,1.285
NX,Guyuan,0
NX,Shizuishan,0.08
NX,Wuzhong,0
NX,Yinchuan,1.064
NX,Zhongwei,0.055
QH,Guoluo,0
QH,Haibei,0
QH,Haidong,0
QH,Hainanx,0
QH,Haixi,0
QH,Huangnan,0
QH,Xining,0
QH,Yushu,0
SN,Ankang,0
SN,Baoji,0
SN,Hanzhong,0.08
SN,Shangluo,0
SN,Tongchuan,0
SN,Weinan,0.093
SN,Xian,0
SN,Xianyang,0
SN,Yanyan,0
SN,Yulinx,0
SD,Binzhou,0
SD,Dezhou,0
SD,Dongying,0
SD,Heze,0
SD,Jinan,1.07
SD,Jining,0
SD,Liaocheng,0
SD,Linyi,0.08
SD,Qingdao,1.01
SD,Rizhao,0.455
SD,Taian,1.13
SD,Weifang,0
SD,Weihai,1
SD,Yantai,0.98
SD,Zhaozhuang,0.4
SD,Zibo,0
SH,Shanghai,9.1894
SX,Changzhi,0.065
SX,Datong,0
SX,Jincheng,0.3
SX,Jinzhong,0.144
SX,Linfen,0.308
SX,Lvliang,0.13
SX,Shuozhou,0
SX,Taiyuan,1.72
SX,Xinzhou,0.144
SX,Yangquan,0
SX,Yuncheng,0.53
SC,Aba,0
SC,Bazhong,0.9
SC,Chengdu,0.8
SC,Dazhou,2.1824
SC,Deyang,1.47
SC,Ganzi,0
SC,Guangan,0
SC,Guangyuan,1.4
SC,Leshan,0.05
SC,Liangshan,0
SC,Luzhou,1.4
SC,Meishan,0
SC,Mianyang,0
SC,Nanchong,0
SC,Neijiang,0.95
SC,Panzhihua,0.2
SC,Suining,1.4
SC,Yaan,0
SC,Yibin,0
SC,Zigong,0
SC,Ziyang,1.48
XJ,Aksu,0
XJ,Altay,0
XJ,Arai,0
XJ,Bayingolin,0
XJ,Beitun,0
XJ,Bortala,0
XJ,Changji,0
XJ,Hami,0
XJ,Hotan,0.05
XJ,Huyanghe,0
XJ,IliKazakh,0
XJ,Karamay,0.3189
XJ,Kashgar,0
XJ,KizilsuKirgiz,0
XJ,Kokdala,0
XJ,Kunyu,0
XJ,Shihezi,0
XJ,Shuanghe,0
XJ,Tacheng,0
XJ,Tiemenguan,0
XJ,Tumshuk,0
XJ,Turpan,0
XJ,Urumqi,0
XJ,Wujiaqu,0
TJ,Tianjin,4.537
XZ,Ali,0
XZ,Changdu,0
XZ,Lhasa,0.18
XZ,Nagqu,0
XZ,Nyingchi,0
XZ,Shannan,0
XZ,Shigatse,0
YN,Baoshan,0
YN,Chuxiong,0
YN,Dali,0
YN,Dehong,0
YN,Diqing,0
YN,Honghe,0
YN,Kunming,0
YN,Lijiang,0
YN,Lincang,0
YN,Nujiang,0
YN,Puer,0
YN,Qujing,0
YN,Wenshan,0
YN,Xishuangbanna,0
YN,Yuxi,0
YN,Zhaotong,0
ZJ,Hangzhou,2.538
ZJ,Huzhou,5.39
ZJ,Jiaxing,0.516
ZJ,Jinhua,2.147
ZJ,Lishui,0
ZJ,Ningbo,3.7357
ZJ,Quzhou,1.334
ZJ,Shaoxing,0.904
ZJ,Taizhou,0
ZJ,Wenzhou,0.342
ZJ,Zhoushan,1.49
