GW,,AH,BJ,CQ,FJ,GD,GS,GX,GZ,HA,HB,HE,HI,HL,HN,JL,JS,JX,LN,MD,MX,NX,QH,SC,SD,SH,SN,SX,TJ,XJ,XZ,YN,ZJ
Photovoltaic,pv,14.938,0.051,0.22,2.271,28.3,38.274,23.705,32.036,5.961,24.886,36.117,2.935,4.908,14.735,3.957,14.889,17.418,4.003,6.116,47.899,28.549,41.444,12.726,42.079,0.466,25.879,30.407,5.052,130.972,7.51,47,8.64
Onshore WT,nwd,8.853,0.236,0,3.891,5.847,44.478,17.935,10.648,24.808,10.463,36.799,0.268,17.55,15.114,16.696,10.058,3.97,21.289,39.168,74.283,14.556,11.58,0.92,20.179,0.338,14.042,28.551,3.499,71.447,0,17.742,1.556
Offshore WT,fwd,0,0,0,6.198,17.0975,0,0.7,0,0,0,0.3,7.8,0,0,0,14.796,0,1.649,0,0,0,0,0,7.7775,1.2335,0,0,0.286,0,0,0,7.447
Biomass,bio,1.493,0.295,0.225,0.545,2.676,0.096,1.585,0.22,1.385,1.03,0.916,0.335,2.787,0.655,1.1065,1.112,0.585,0.71,0.255,0.12,0.03,0.07,0.535,2.257,0.55,0.375,0.26,0.22,0.102,0,0.035,0.89
Nuclear,nu,0,0.035,0,15.868,23.436,0.002,4.532,0,0,0,0,3.822,0,0,0,9.138,0,10.512,0,0,0,0,0,8.285,0,0,0,0,0,0,0,16.408
Hydropower,hydo,5.23,0.85,7.74,14.52,16.06,8.2,16.09,19.4,4.75,32.19,4.59,1.28,1.98,13.82,5.48,2.62,5.74,3.85,1.06,1.01,0.36,13.85,82.5,3.44,0,4.28,1.91,0.01,9.39,2.64,70.25,12.65
CCGT,gtcc,2.19,9.282,7.16,4.465,64.7239,0.18,2.64,0,3.65,2.1301,7.435,5.446,0.16,1.4,0.165,26.107,0.589,1.7,0.105,0.35,1.199,0,12.2324,6.125,9.1894,0.173,3.341,4.537,0.3689,0.18,0,18.3967
CCGT-iCCS,gcics,0,0,0,0,0,0,0,0,0,0,0,0,0,0,0,0,0,0,0,0,0,0,0,0,0,0,0,0,0,0,0,0
CCGT-CCS,gccs,0,0,0,0,0,0,0,0,0,0,0,0,0,0,0,0,0,0,0,0,0,0,0,0,0,0,0,0,0,0,0,0
Coal,coal,70.245,0,14.774,33.721,95.8812,37.03,30.6178,42.02,73.13,45.823,57.304,3.06,21.111,29.885,16.061,93.789,35.903,34.465,27.042,105.85,36.94,6.46,15.155,116.334,17.78,66.44,80.402,12.344,83.415,0,11.9,60.6848
Coal-iCCS,coics,0,0,0,0,0,0,0,0,0,0,0,0,0,0,0,0,0,0,0,0,0,0,0,0,0,0,0,0,0,0,0,0
Coal-CCS,cocs,0,0,0,0,0,0,0,0,0,0,0,0,0,0,0,0,0,0,0,0,0,0,0,0,0,0,0,0,0,0,0,0
Pump-Hydro,phs,4.68,0.8,1.2,5,12.08,0,1.2,0,4.22,1.27,5.17,0.6,1.2,1.2,1.7,3.95,1.2,3,0.4,0.8,0,0,0,4,0,1.4,1.2,0,1.2,0.113,0,10.73
Li-Battry-4,lib4,2.855131,0.6727,1.7298,0.5766,5.59302,6.33299,3.277971,2.35445,3.12325,2.93105,9.2256,0.5766,0.7688,2.883,0.5766,7.3036,1.16281,0.62465,4.37255,15.09731,5.21823,3.14247,1.1532,10.77281,0,1.37423,2.82534,0.961,19.36415,0,5.98703,5.01642
Bio-CCS,beccs,0,0,0,0,0,0,0,0,0,0,0,0,0,0,0,0,0,0,0,0,0,0,0,0,0,0,0,0,0,0,0,0
