USD/kW,,,y1,y2,y3,y4,y5,y6,y7,y8,y9,y10,y11,y12,y13,y14,y15,y16,y17,y18,y19,y20,y21,y22,y23,y24,y25,y26
Photovoltaic,pv,high,580,553,525,498,470,443,415,388,360,333,305,302,298,294,291,287,284,280,277,273,269,266,262,259,255,251
USD/kW,pv,mid,602,582,562,542,521,501,481,461,441,420,400,394,388,381,375,369,362,356,350,343,337,331,324,318,312,305
,pv,low,632,622,612,602,592,582,572,562,552,542,532,523,514,505,496,488,479,470,461,453,444,435,426,418,409,400
Onshore WT,nwd,high,1000,976,952,928,904,880,871,861,851,841,831,821,811,801,791,781,772,762,752,742,732,722,712,702,692,683
USD/kW,nwd,mid,1019,1000,981,962,943,924,915,906,897,887,878,869,860,851,842,833,824,815,806,797,787,778,769,760,751,742
,nwd,low,1063,1055,1047,1039,1031,1023,1017,1010,1003,996,989,982,975,968,961,954,948,941,934,927,920,913,906,899,892,885
Offshore WT,fwd,high,1508,1480,1451,1423,1394,1366,1348,1330,1313,1295,1278,1265,1252,1239,1226,1214,1204,1194,1183,1173,1163,1155,1147,1139,1130,1122
USD/kW,fwd,mid,1662,1635,1608,1581,1554,1527,1511,1494,1478,1461,1444,1432,1420,1408,1396,1384,1375,1365,1356,1346,1337,1329,1321,1314,1306,1298
,fwd,low,1986,1965,1945,1924,1904,1883,1871,1858,1845,1833,1820,1811,1802,1792,1783,1774,1767,1760,1752,1745,1738,1732,1726,1720,1714,1708
Biomass,bio,high,1367,1342,1328,1319,1311,1303,1293,1284,1276,1268,1260,1251,1242,1234,1224,1216,1208,1199,1191,1183,1174,1165,1156,1148,1138,1124
USD/kW,bio,mid,1367,1342,1328,1319,1311,1303,1293,1284,1276,1268,1260,1251,1242,1234,1224,1216,1208,1199,1191,1183,1174,1165,1156,1148,1138,1124
,bio,low,1367,1342,1328,1319,1311,1303,1293,1284,1276,1268,1260,1251,1242,1234,1224,1216,1208,1199,1191,1183,1174,1165,1156,1148,1138,1124
Biomass-CCS,beccs,high,2898 ,2845 ,2815 ,2796 ,2779 ,2762 ,2741 ,2722 ,2705 ,2688 ,2671 ,2652 ,2633 ,2616 ,2595 ,2578 ,2561 ,2542 ,2525 ,2508 ,2489 ,2470 ,2451 ,2434 ,2413 ,2383 
USD/kW,beccs,mid,2898 ,2845 ,2815 ,2796 ,2779 ,2762 ,2741 ,2722 ,2705 ,2688 ,2671 ,2652 ,2633 ,2616 ,2595 ,2578 ,2561 ,2542 ,2525 ,2508 ,2489 ,2470 ,2451 ,2434 ,2413 ,2383 
,beccs,low,2898 ,2845 ,2815 ,2796 ,2779 ,2762 ,2741 ,2722 ,2705 ,2688 ,2671 ,2652 ,2633 ,2616 ,2595 ,2578 ,2561 ,2542 ,2525 ,2508 ,2489 ,2470 ,2451 ,2434 ,2413 ,2383 
Hydropower,hydo,high,2165,2203,2240,2277,2315,2352,2331,2309,2288,2267,2245,2224,2203,2182,2160,2139,2139,2139,2139,2139,2139,2139,2139,2139,2139,2139
USD/kW,hydo,mid,2165,2196,2227,2258,2289,2320,2351,2382,2414,2445,2476,2476,2476,2476,2476,2377,2377,2377,2377,2377,2377,2377,2377,2377,2377,2377
,hydo,low,2165,2165,2165,2165,2165,2165,2165,2165,2165,2165,2165,2165,2165,2165,2165,2165,2165,2165,2165,2165,2165,2165,2165,2165,2165,2165
Nuclear,nu,high,1504,1490,1476,1462,1448,1434,1425,1415,1406,1396,1387,1690,1690,1690,1690,1338,1690,1690,1690,1690,1292,1690,1690,1690,1690,1237
USD/kW,nu,mid,1700,1684,1669,1653,1637,1621,1610,1600,1589,1578,1567,1556,1545,1534,1523,1512,1502,1491,1481,1471,1460,1448,1436,1423,1411,1399
,nu,low,1848,1848,1848,1848,1848,1848,1848,1848,1848,1848,1848,1848,1848,1848,1848,1848,1848,1848,1848,1848,1848,1848,1848,1848,1848,1848
CCGT,gtcc,high,461,456,451,445,440,435,438,438,438,438,410,406,403,399,395,391,387,384,380,376,372,368,365,361,357,353
USD/kW,gtcc,mid,464,459,455,451,447,443,445,445,445,445,422,419,415,412,409,405,402,398,395,391,388,384,381,377,374,370
,gtcc,low,466,463,460,457,454,451,447,444,441,438,435,432,428,425,422,419,416,413,409,406,403,400,397,394,391,387
CCGT-iCCS,gcics,high,502,484,466,448,431,413,395,377,360,342,324,320,316,312,308,304,300,296,293,289,285,281,277,273,269,265
USD/kW,gcics,mid,521,509,497,485,474,462,451,439,428,416,405,400,395,391,386,381,377,372,368,363,358,354,349,344,340,335
,gcics,low,539,534,529,523,518,513,507,502,497,491,486,481,475,470,465,459,454,449,443,438,433,427,422,417,411,406
CCGT-CCS,gccs,high,928,899,870,841,812,783,754,725,696,667,638,630,623,615,607,599,592,584,576,569,561,553,545,538,530,522
USD/kW,gccs,mid,957,938,918,899,879,860,841,821,802,783,763,755,746,737,728,720,711,702,694,685,676,667,659,650,641,633
,gccs,low,986,976,966,957,947,937,927,918,908,898,889,879,869,859,850,840,830,820,811,801,791,782,772,762,752,743
Coal,coal,high,557,553,548,543,539,534,530,525,521,516,511,507,502,498,493,488,484,479,475,470,465,461,456,452,447,442
USD/kW,coal,mid,562,559,556,552,549,546,543,540,537,534,531,526,520,515,510,505,500,495,490,485,480,475,470,465,459,454
,coal,low,566,565,563,561,560,558,556,555,553,552,550,544,539,533,528,522,516,511,505,500,494,489,483,477,472,466
Coal-iCCS,coics,high,375,363,350,337,325,312,300,287,275,262,249,247,244,241,238,235,232,229,226,224,221,218,215,212,209,206
USD/kW,coics,mid,394,386,378,369,361,353,344,336,328,319,311,308,304,301,297,294,290,287,284,280,277,273,270,267,263,260
,coics,low,414,410,406,402,398,394,390,386,382,378,374,370,366,362,358,354,350,346,343,339,335,331,327,323,319,315
Coal-CCS,cocs,high,1169,1152,1134,1117,1099,1082,1064,1047,1029,1011,994,983,971,960,949,937,926,915,904,892,881,870,858,847,836,825
USD/kW,cocs,mid,1179,1164,1150,1136,1121,1107,1092,1078,1064,1049,1035,1023,1012,1001,990,978,967,956,944,933,922,911,899,888,877,865
,cocs,low,1188,1177,1166,1154,1143,1132,1121,1109,1098,1087,1075,1064,1053,1042,1030,1019,1008,997,985,974,963,952,940,929,918,906
Pump-hydro,phs,high,829,824,819,814,808,803,798,793,788,783,778,776,774,773,771,769,767,766,764,762,761,759,757,755,754,752
USD/kW,phs,mid,855,855,855,855,855,855,855,855,855,855,855,855,855,821,821,821,821,821,821,821,821,821,821,821,821,821
,phs,low,855,855,855,855,855,855,855,855,855,855,855,855,855,821,821,821,821,821,821,821,821,821,821,821,821,821
Li-Battry-4,lib4,high,929,889,850,811,771,732,719,706,693,680,668,655,642,629,616,603,591,578,565,552,539,526,514,501,488,475
USD/kW,lib4,mid,1160,1123,1085,1048,1010,972,957,942,927,912,897,883,868,853,838,823,808,793,778,763,748,733,718,703,688,673
,lib4,low,1484,1428,1373,1317,1262,1206,1198,1189,1181,1173,1165,1156,1148,1140,1132,1123,1115,1107,1099,1090,1082,1074,1066,1057,1049,1041
