,,eta,ro,mu,lm,cfn,cfm,epn,ltm
Photovoltaic,pv,0,1,0,1,0,1,0,26
Onshore WT,nwd,0,1,0,1,0,1,0,26
Offshore WT,fwd,0,1,0,1,0,1,0,26
Biomass,bio,0.28,0.5,0,0.9,0.2,0.83,0,30
Biomass-CCS,beccs,0.28,0.5,0,0.9,0.2,0.83,0.3667,30
Hydropower,hydo,0,1,0.1,0.982,0.2,0.78,0,50
Nuclear,nu,0.326,0.25,0.5,0.911,0.5,0.9,0,30
CCGT,gtcc,0.536,0.5,0,0.947,0,0.87,0.1836,25
CCGT-iCCS,gcics,0.536,0.5,0,0.947,0,0.87,0.1836,25
CCGT-CCS,gccs,0.536,0.5,0,0.947,0,0.87,0.1836,25
Coal,coal,0.403,0.35,0,0.95,0,0.85,0.3132,40
Coal-iCCS,coics,0.403,0.35,0,0.95,0,0.85,0.3132,40
Coal-CCS,cocs,0.403,0.35,0,0.95,0,0.85,0.3132,40
Pump-hydro,phs,0.75,1,0,0.9,0,1,0,50
Li-Battry-4,lib4,0.9,1,0,0.9,0,1,0,15
