USD/kW/yr,,,y1,y2,y3,y4,y5,y6,y7,y8,y9,y10,y11,y12,y13,y14,y15,y16,y17,y18,y19,y20,y21,y22,y23,y24,y25,y26
Photovoltaic,pv,high,19.9,19.21,18.52,17.84,17.15,16.48,15.8,15.13,14.46,13.79,13.12,13.03,12.93,12.83,12.73,12.63,12.54,12.44,12.34,12.25,12.15,12.05,11.96,11.86,11.77,11.67
USD/kW/yr,pv,mid,20.48,19.98,19.48,18.98,18.48,17.98,17.49,16.99,16.5,16.01,15.52,15.38,15.25,15.11,14.98,14.84,14.71,14.57,14.44,14.31,14.17,14.04,13.9,13.77,13.63,13.5
,pv,low,21.22,20.96,20.7,20.45,20.19,19.93,19.68,19.42,19.17,18.91,18.66,18.47,18.28,18.08,17.89,17.7,17.51,17.32,17.13,16.94,16.75,16.56,16.37,16.18,15.99,15.79
Onshore WT,nwd,high,27.37,26.63,25.9,25.17,24.43,23.7,23.29,22.88,22.46,22.05,21.64,21.23,20.81,20.4,19.99,19.58,19.16,18.75,18.34,17.93,17.51,17.1,16.69,16.28,15.86,15.45
USD/kW/yr,nwd,mid,28.83,28.47,28.1,27.73,27.37,27,26.82,26.63,26.45,26.26,26.08,25.89,25.71,25.52,25.34,25.15,24.97,24.78,24.6,24.41,24.23,24.04,23.86,23.67,23.49,23.3
,nwd,low,29.57,29.38,29.2,29.02,28.83,28.65,28.55,28.44,28.34,28.24,28.13,28.03,27.93,27.83,27.72,27.62,27.52,27.41,27.31,27.21,27.1,27,26.9,26.79,26.69,26.59
Offshore WT,fwd,high,93.61,91.17,88.99,87.02,85.21,83.56,82.02,80.6,79.26,78,76.82,75.7,74.64,73.63,72.67,71.75,70.87,70.02,69.21,68.43,67.68,66.95,66.25,65.57,64.91,64.28
USD/kW/yr,fwd,mid,101.33,99.16,97.22,95.47,93.87,92.4,91.04,89.77,88.58,87.47,86.41,85.42,84.48,83.58,82.72,81.91,81.12,80.37,79.65,78.96,78.29,77.64,77.02,76.42,75.83,75.27
,fwd,low,117.13,115.68,114.38,113.21,112.14,111.16,110.25,109.4,108.61,107.86,107.16,106.49,105.86,105.26,104.69,104.14,103.62,103.12,102.64,102.17,101.73,101.29,100.88,100.48,100.08,99.71
Biomass,bio,high,63.57,63.57,63.57,63.57,63.57,63.57,63.57,63.57,63.57,63.57,63.57,63.57,63.57,63.57,63.57,63.57,63.57,63.57,63.57,63.57,63.57,63.57,63.57,63.57,63.57,63.57
USD/kW/yr,bio,mid,63.57,63.57,63.57,63.57,63.57,63.57,63.57,63.57,63.57,63.57,63.57,63.57,63.57,63.57,63.57,63.57,63.57,63.57,63.57,63.57,63.57,63.57,63.57,63.57,63.57,63.57
,bio,low,63.57,63.57,63.57,63.57,63.57,63.57,63.57,63.57,63.57,63.57,63.57,63.57,63.57,63.57,63.57,63.57,63.57,63.57,63.57,63.57,63.57,63.57,63.57,63.57,63.57,63.57
Biomass-CCS,beccs,high,63.57,63.57,63.57,63.57,63.57,63.57,63.57,63.57,63.57,63.57,63.57,63.57,63.57,63.57,63.57,63.57,63.57,63.57,63.57,63.57,63.57,63.57,63.57,63.57,63.57,63.57
USD/kW/yr,beccs,mid,63.57,63.57,63.57,63.57,63.57,63.57,63.57,63.57,63.57,63.57,63.57,63.57,63.57,63.57,63.57,63.57,63.57,63.57,63.57,63.57,63.57,63.57,63.57,63.57,63.57,63.57
,beccs,low,63.57,63.57,63.57,63.57,63.57,63.57,63.57,63.57,63.57,63.57,63.57,63.57,63.57,63.57,63.57,63.57,63.57,63.57,63.57,63.57,63.57,63.57,63.57,63.57,63.57,63.57
Hydropower,hydo,high,32,32,32,32,32,30,30,30,30,30,30,30,30,30,30,28,28,28,28,28,28,28,28,28,28,28
USD/kW/yr,hydo,mid,32,32,32,32,32,32,32,32,32,32,32,32,32,32,32,31,31,31,31,31,31,31,31,31,31,31
,hydo,low,32,32,32,32,32,32,32,32,32,32,32,32,32,32,32,32,32,32,32,32,32,32,32,32,32,32
Nuclear,nu,high,138,138,138,138,138,138,138,138,138,138,138,138,138,138,138,138,138,138,138,138,138,138,138,138,138,138
USD/kW/yr,nu,mid,152.12,152.12,152.12,152.12,152.12,152.12,152.12,152.12,152.12,152.12,152.12,152.12,152.12,152.12,152.12,152.12,152.12,152.12,152.12,152.12,152.12,152.12,152.12,152.12,152.12,152.12
,nu,low,152.12,152.12,152.12,152.12,152.12,152.12,152.12,152.12,152.12,152.12,152.12,152.12,152.12,152.12,152.12,152.12,152.12,152.12,152.12,152.12,152.12,152.12,152.12,152.12,152.12,152.12
CCGT,gtcc,high,29.8,29.4,29,28.5,28.1,27.7,27.2,26.8,26.4,25.9,25.5,25.3,25.1,24.8,24.6,24.4,24.2,24,23.7,23.5,23.3,23.1,22.9,22.7,22.4,22.2
USD/kW/yr,gtcc,mid,30.2,29.9,29.6,29.3,29,28.7,28.4,28.1,27.7,27.4,27.1,26.9,26.7,26.5,26.3,26.1,25.9,25.7,25.5,25.3,25.1,24.9,24.7,24.5,24.3,24.1
,gtcc,low,30.6,30.4,30.2,30,29.9,29.7,29.5,29.3,29.1,29,28.8,28.6,28.4,28.2,28,27.9,27.7,27.5,27.3,27.1,27,26.8,26.6,26.4,26.2,26.1
CCGT-iCCS,gcics,high,72.05,70.79,69.65,68.5,67.24,66.1,64.84,63.69,62.55,61.29,60.14,59.45,58.77,58.19,57.51,56.82,56.13,55.44,54.87,54.18,53.5,52.81,52.24,51.55,50.86,50.17
USD/kW/yr,gcics,mid,72.97,72.05,71.25,70.34,69.42,68.62,67.7,66.78,65.98,65.07,64.26,63.58,63,62.43,61.74,61.17,60.6,59.91,59.34,58.77,58.08,57.51,56.93,56.25,55.67,55.1
,gcics,low,73.89,73.31,72.74,72.17,71.6,71.14,70.56,69.99,69.42,68.85,68.27,67.7,67.13,66.67,66.1,65.52,64.95,64.38,63.81,63.23,62.66,62.2,61.63,61.06,60.48,59.91
CCGT-CCS,gccs,high,66.55,64.38,62.32,60.14,57.96,55.79,53.72,51.55,49.37,47.2,45.13,44.56,44.1,43.53,43.07,42.61,42.04,41.58,41.01,40.55,39.98,39.52,39.06,38.49,38.03,37.46
USD/kW/yr,gccs,mid,68.85,67.47,65.98,64.61,63.23,61.86,60.48,59.11,57.73,56.25,54.87,54.3,53.72,53.15,52.58,52.01,51.43,50.86,50.29,49.72,49.14,48.57,48,47.42,46.85,46.28
,gccs,low,71.14,70.45,69.76,69.19,68.5,67.93,67.24,66.55,65.98,65.29,64.72,64.03,63.46,62.77,62.09,61.51,60.83,60.25,59.57,58.99,58.31,57.62,57.05,56.36,55.79,55.1
Coal,coal,high,77.4,77.2,77,76.8,76.6,76.5,76.3,76.3,75.9,75.7,75.5,74.9,74.2,73.6,73,72.3,71.7,71,70.4,69.7,69.1,68.4,67.8,67.1,66.5,65.8
USD/kW/yr,coal,mid,76.8,76.5,76.1,75.8,75.4,75.1,74.7,74.3,74,73.6,73.3,72.7,72.1,71.5,70.9,70.3,69.7,69.1,68.5,67.9,67.4,66.8,66.2,65.6,65,64.4
,coal,low,76.3,75.8,75.3,74.7,74.2,73.7,73.1,72.6,72.1,71.5,71,70.5,69.9,69.4,68.9,68.3,67.8,67.3,66.7,66.2,65.7,65.1,64.6,64.1,63.5,63
Coal-iCCS,coics,high,108.11,106.66,105.21,103.76,102.31,100.85,99.48,98.03,96.58,95.12,93.67,92.53,91.38,90.23,89.16,88.02,86.87,85.73,84.58,83.43,82.29,81.14,80,78.85,77.7,76.56
USD/kW/yr,coics,mid,111.55,110.62,109.77,108.83,107.98,107.05,106.19,105.26,104.41,103.48,102.62,101.85,101.15,100.37,99.67,98.9,98.2,97.42,96.72,95.95,95.25,94.47,93.77,93,92.3,91.52
,coics,low,115.07,114.76,114.44,114.05,113.73,113.41,113.1,112.78,112.47,112.15,111.84,111.44,111.13,110.81,110.5,110.18,109.87,109.55,109.16,108.84,108.52,108.21,107.89,107.58,107.26,106.95
Coal-CCS,cocs,high,118.7,117.2,115.6,114,112.5,110.9,109.4,107.8,106.2,104.7,103.1,102.1,101.1,100.1,99,98,97,96,95,93.9,92.9,91.9,90.9,89.9,88.9,87.8
USD/kW/yr,cocs,mid,119.6,118.3,117,115.7,114.4,113.1,111.8,110.5,109.2,108,106.7,105.6,104.6,103.6,102.6,101.6,100.6,99.5,98.5,97.5,96.5,95.5,94.5,93.4,92.4,91.4
,cocs,low,120.4,119.4,118.3,117.3,116.3,115.3,114.3,113.3,112.3,111.2,110.2,109.2,108.2,107.2,106.2,105.1,104.1,103.1,102.1,101.1,100.1,99.1,98,97,96,95
Pump-hydro,phs,high,18.66,18.66,18.66,18.66,18.66,18.66,18.66,18.66,18.66,18.66,18.66,18.66,18.66,18.66,18.66,18.66,18.66,18.66,18.66,18.66,18.66,18.66,18.66,18.66,18.66,18.66
USD/kW/yr,phs,mid,18.66,18.66,18.66,18.66,18.66,18.66,18.66,18.66,18.66,18.66,18.66,18.66,18.66,18.66,18.66,18.66,18.66,18.66,18.66,18.66,18.66,18.66,18.66,18.66,18.66,18.66
,phs,low,18.66,18.66,18.66,18.66,18.66,18.66,18.66,18.66,18.66,18.66,18.66,18.66,18.66,18.66,18.66,18.66,18.66,18.66,18.66,18.66,18.66,18.66,18.66,18.66,18.66,18.66
Li-Battry-4,lib4,high,28.74,27.52,26.3,25.08,23.86,22.64,22.25,21.85,21.45,21.06,20.66,20.26,19.86,19.47,19.07,18.67,18.28,17.88,17.48,17.08,16.69,16.29,15.89,15.5,15.1,14.7
USD/kW/yr,lib4,mid,35.9,34.74,33.58,32.42,31.26,30.1,29.63,29.17,28.7,28.24,27.78,27.31,26.85,26.38,25.92,25.46,24.99,24.53,24.06,23.6,23.14,22.67,22.21,21.74,21.28,20.82
,lib4,low,45.92,44.2,42.48,40.76,39.04,37.32,37.07,36.81,36.56,36.3,36.05,35.79,35.53,35.28,35.02,34.77,34.51,34.26,34,33.75,33.49,33.23,32.98,32.72,32.47,32.21
