USD/MWh,,,y1,y2,y3,y4,y5,y6,y7,y8,y9,y10,y11,y12,y13,y14,y15,y16,y17,y18,y19,y20,y21,y22,y23,y24,y25,y26
Photovoltaic,pv,high,0,0,0,0,0,0,0,0,0,0,0,0,0,0,0,0,0,0,0,0,0,0,0,0,0,0
USD/MWh,pv,mid,0,0,0,0,0,0,0,0,0,0,0,0,0,0,0,0,0,0,0,0,0,0,0,0,0,0
,pv,low,0,0,0,0,0,0,0,0,0,0,0,0,0,0,0,0,0,0,0,0,0,0,0,0,0,0
Onshore WT,nwd,high,0,0,0,0,0,0,0,0,0,0,0,0,0,0,0,0,0,0,0,0,0,0,0,0,0,0
USD/MWh,nwd,mid,0,0,0,0,0,0,0,0,0,0,0,0,0,0,0,0,0,0,0,0,0,0,0,0,0,0
,nwd,low,0,0,0,0,0,0,0,0,0,0,0,0,0,0,0,0,0,0,0,0,0,0,0,0,0,0
Offshore WT,fwd,high,0,0,0,0,0,0,0,0,0,0,0,0,0,0,0,0,0,0,0,0,0,0,0,0,0,0
USD/MWh,fwd,mid,0,0,0,0,0,0,0,0,0,0,0,0,0,0,0,0,0,0,0,0,0,0,0,0,0,0
,fwd,low,0,0,0,0,0,0,0,0,0,0,0,0,0,0,0,0,0,0,0,0,0,0,0,0,0,0
Biomass,bio,high,5.04,5.04,5.04,5.04,5.04,5.04,5.04,5.04,5.04,5.04,5.04,5.04,5.04,5.04,5.04,5.04,5.04,5.04,5.04,5.04,5.04,5.04,5.04,5.04,5.04,5.04
USD/MWh,bio,mid,5.04,5.04,5.04,5.04,5.04,5.04,5.04,5.04,5.04,5.04,5.04,5.04,5.04,5.04,5.04,5.04,5.04,5.04,5.04,5.04,5.04,5.04,5.04,5.04,5.04,5.04
,bio,low,5.04,5.04,5.04,5.04,5.04,5.04,5.04,5.04,5.04,5.04,5.04,5.04,5.04,5.04,5.04,5.04,5.04,5.04,5.04,5.04,5.04,5.04,5.04,5.04,5.04,5.04
Biomass-CCS,beccs,high,5.04,5.04,5.04,5.04,5.04,5.04,5.04,5.04,5.04,5.04,5.04,5.04,5.04,5.04,5.04,5.04,5.04,5.04,5.04,5.04,5.04,5.04,5.04,5.04,5.04,5.04
USD/MWh,beccs,mid,5.04,5.04,5.04,5.04,5.04,5.04,5.04,5.04,5.04,5.04,5.04,5.04,5.04,5.04,5.04,5.04,5.04,5.04,5.04,5.04,5.04,5.04,5.04,5.04,5.04,5.04
,beccs,low,5.04,5.04,5.04,5.04,5.04,5.04,5.04,5.04,5.04,5.04,5.04,5.04,5.04,5.04,5.04,5.04,5.04,5.04,5.04,5.04,5.04,5.04,5.04,5.04,5.04,5.04
Hydropower,hydo,high,0,0,0,0,0,0,0,0,0,0,0,0,0,0,0,0,0,0,0,0,0,0,0,0,0,0
USD/MWh,hydo,mid,0,0,0,0,0,0,0,0,0,0,0,0,0,0,0,0,0,0,0,0,0,0,0,0,0,0
,hydo,low,0,0,0,0,0,0,0,0,0,0,0,0,0,0,0,0,0,0,0,0,0,0,0,0,0,0
Nuclear,nu,high,2.47,2.47,2.47,2.47,2.47,2.47,2.47,2.47,2.47,2.47,2.47,2.47,2.47,2.47,2.47,2.47,2.47,2.47,2.47,2.47,2.47,2.47,2.47,2.47,2.47,2.47
USD/MWh,nu,mid,2.47,2.47,2.47,2.47,2.47,2.47,2.47,2.47,2.47,2.47,2.47,2.47,2.47,2.47,2.47,2.47,2.47,2.47,2.47,2.47,2.47,2.47,2.47,2.47,2.47,2.47
,nu,low,2.47,2.47,2.47,2.47,2.47,2.47,2.47,2.47,2.47,2.47,2.47,2.47,2.47,2.47,2.47,2.47,2.47,2.47,2.47,2.47,2.47,2.47,2.47,2.47,2.47,2.47
CCGT,gtcc,high,1.9,1.88,1.86,1.84,1.82,1.8,1.78,1.77,1.75,1.73,1.71,1.7,1.69,1.67,1.66,1.65,1.64,1.63,1.62,1.61,1.6,1.58,1.57,1.56,1.55,1.54
USD/MWh,gtcc,mid,1.91,1.9,1.89,1.87,1.86,1.84,1.83,1.81,1.8,1.79,1.77,1.76,1.75,1.74,1.73,1.72,1.71,1.7,1.69,1.68,1.67,1.66,1.65,1.64,1.63,1.62
,gtcc,low,1.93,1.92,1.91,1.9,1.89,1.88,1.87,1.86,1.85,1.84,1.84,1.83,1.82,1.81,1.8,1.79,1.78,1.77,1.76,1.75,1.74,1.73,1.72,1.71,1.7,1.69
CCGT-iCCS,gcics,high,5.2,5.12,5.04,4.96,4.88,4.8,4.72,4.64,4.56,4.48,4.4,4.36,4.33,4.3,4.26,4.23,4.19,4.16,4.12,4.09,4.06,4.02,3.99,3.95,3.92,3.88
USD/MWh,gcics,mid,5.28,5.22,5.18,5.12,5.06,5.01,4.95,4.9,4.85,4.79,4.73,4.71,4.67,4.64,4.6,4.58,4.55,4.51,4.48,4.46,4.42,4.39,4.35,4.32,4.3,4.26
,gcics,low,5.36,5.33,5.3,5.27,5.25,5.21,5.19,5.15,5.13,5.1,5.06,5.04,5.01,4.98,4.95,4.93,4.89,4.87,4.83,4.81,4.78,4.75,4.72,4.7,4.66,4.63
CCGT-CCS,gccs,high,4.91,4.79,4.66,4.52,4.4,4.27,4.15,4.02,3.88,3.76,3.63,3.61,3.57,3.55,3.53,3.49,3.47,3.45,3.43,3.39,3.37,3.34,3.31,3.29,3.26,3.23
USD/MWh,gccs,mid,5.06,4.98,4.9,4.81,4.73,4.65,4.57,4.49,4.41,4.33,4.25,4.22,4.19,4.16,4.14,4.1,4.07,4.04,4.01,3.99,3.95,3.93,3.89,3.86,3.84,3.8
,gccs,low,5.2,5.17,5.13,5.1,5.07,5.04,5.01,4.97,4.94,4.9,4.87,4.83,4.8,4.78,4.74,4.71,4.67,4.64,4.6,4.57,4.54,4.5,4.47,4.44,4.41,4.38
Coal,coal,high,8.33,8.28,8.24,8.19,8.15,8.1,8.05,8.01,7.96,7.92,7.87,7.84,7.81,7.78,7.75,7.72,7.69,7.66,7.63,7.61,7.58,7.55,7.52,7.49,7.46,7.43
USD/MWh,coal,mid,8.36,8.32,8.29,8.25,8.22,8.18,8.15,8.11,8.08,8.04,8.01,7.98,7.95,7.93,7.9,7.87,7.85,7.82,7.79,7.76,7.74,7.71,7.68,7.66,7.63,7.6
,coal,low,8.39,8.36,8.34,8.32,8.29,8.27,8.24,8.22,8.19,8.17,8.14,8.12,8.09,8.07,8.05,8.02,8,7.97,7.95,7.92,7.9,7.87,7.85,7.82,7.8,7.78
Coal-iCCS,coics,high,12.09,11.95,11.81,11.67,11.53,11.38,11.25,11.1,10.96,10.82,10.67,10.62,10.57,10.52,10.47,10.41,10.36,10.31,10.25,10.21,10.15,10.1,10.05,9.99,9.94,9.89
USD/MWh,coics,mid,12.48,12.4,12.32,12.24,12.16,12.09,12,11.92,11.85,11.77,11.69,11.65,11.62,11.58,11.55,11.52,11.48,11.45,11.41,11.38,11.35,11.31,11.28,11.25,11.21,11.18
,coics,low,12.88,12.86,12.85,12.83,12.82,12.8,12.78,12.77,12.76,12.75,12.73,12.71,12.7,12.68,12.67,12.65,12.63,12.62,12.61,12.6,12.58,12.56,12.55,12.53,12.52,12.5
Coal-CCS,cocs,high,14.03,13.81,13.59,13.37,13.15,12.93,12.71,12.49,12.28,12.06,11.84,11.79,11.74,11.7,11.65,11.6,11.56,11.51,11.46,11.41,11.37,11.32,11.27,11.23,11.18,11.13
USD/MWh,cocs,mid,14.29,14.16,14.02,13.89,13.76,13.62,13.49,13.36,13.23,13.09,12.96,12.91,12.87,12.82,12.77,12.73,12.68,12.63,12.58,12.54,12.49,12.44,12.4,12.35,12.3,12.26
,cocs,low,14.55,14.5,14.46,14.41,14.36,14.32,14.27,14.22,14.18,14.13,14.08,14.04,13.99,13.94,13.89,13.85,13.8,13.75,13.71,13.66,13.61,13.57,13.52,13.47,13.43,13.38
Pump-hydro,phs,high,2,2,2,2,2,2,2,2,2,2,2,2,2,2,2,2,2,2,2,2,2,2,2,2,2,2
USD/MWh,phs,mid,2,2,2,2,2,2,2,2,2,2,2,2,2,2,2,2,2,2,2,2,2,2,2,2,2,2
,phs,low,2,2,2,2,2,2,2,2,2,2,2,2,2,2,2,2,2,2,2,2,2,2,2,2,2,2
Li-Battry-4,lib4,high,3,3,3,3,3,3,3,3,3,3,3,3,3,3,3,3,3,3,3,3,3,3,3,3,3,3
USD/MWh,lib4,mid,3,3,3,3,3,3,3,3,3,3,3,3,3,3,3,3,3,3,3,3,3,3,3,3,3,3
,lib4,low,3,3,3,3,3,3,3,3,3,3,3,3,3,3,3,3,3,3,3,3,3,3,3,3,3,3
