Prov,Pref,WT_Excap
Anhui,Anqing,0.693
Anhui,Bengbu,0.548
Anhui,Bozhou,1.5505
Anhui,Chizhou,0.479
Anhui,Chuzhou,1.5985
Anhui,Fuyang,1.0391
Anhui,Hefei,0.126
Anhui,Huaibei,0.519
Anhui,Huainan,0.3858
Anhui,Huangshan,0.05
Anhui,Luan,0.171
Anhui,Maanshan,0.241
Anhui,Suzhoux,0.982
Anhui,Tongling,0.02
Anhui,Wuhu,0.1796
Anhui,Xuancheng,0.198
Beijing,Beijing,0.2355
Chongqing,Chongqing,1.9412
Fujian,Fuzhou,1.103
Fujian,Longyan,0.2716
Fujian,Nanping,0.096
Fujian,Ningde,0.388
Fujian,Putian,1.1635
Fujian,Quanzhou,0.397
Fujian,Sanming,0.204
Fujian,Xiamen,0
Fujian,Zhangzhou,0.473
Gansu,Baiyin,2.4586
Gansu,Dingxi,2.1755
Gansu,Gannan,0
Gansu,Jiayuguan,0
Gansu,Jinchang,0.7495
Gansu,Jiuquan,20.9785
Gansu,Lanzhou,0.095
Gansu,Linxia,0
Gansu,Longnan,0.9
Gansu,Pingliang,0.275
Gansu,Qingyang,6.0216
Gansu,Tianshui,0.825
Gansu,Wuwei,5.15
Gansu,Zhangye,4.849
Guangdong,Chaozhou,0.1975
Guangdong,Dongguan,0
Guangdong,Foshan,0
Guangdong,Guangzhou,0
Guangdong,Heyuan,0.1
Guangdong,Huizhou,0.132
Guangdong,Jiangmen,0.252
Guangdong,Jieyang,0.264
Guangdong,Maoming,0.317
Guangdong,Meizhou,0.088
Guangdong,Qingyuan,0.905
Guangdong,Shantou,0.3002
Guangdong,Shanwei,0.248
Guangdong,Shaoguan,0.5787
Guangdong,Shenzhen,0
Guangdong,Yangjiang,0.5285
Guangdong,Yunfu,0.087
Guangdong,Zhanjiang,1.448
Guangdong,Zhaoqing,0.3353
Guangdong,Zhongshan,0
Guangdong,Zhuhai,0.066
Guangxi,Baise,0.966
Guangxi,Beihai,0.453
Guangxi,Chongzuo,0.3901
Guangxi,Fangchenggang,0.55
Guangxi,Guigang,0.7
Guangxi,Guilin,3.6155
Guangxi,Hechi,1.016
Guangxi,Hezhou,0.556
Guangxi,Laibin,0.645
Guangxi,Liuzhou,1.715
Guangxi,Nanning,1.35
Guangxi,Qinzhou,3.513
Guangxi,Wuzhou,1.42
Guangxi,Yulin,1.045
Guizhou,Anshun,0.616
Guizhou,Bijie,2.7272
Guizhou,Guiyang,0.208
Guizhou,Liupanshui,0.724
Guizhou,Qiandongnan,0.9926
Guizhou,Qiannan,1.7875
Guizhou,Qianxinan,1.428
Guizhou,Tongren,0.9195
Guizhou,Zunyi,1.245
Hainan,Baisha,0
Hainan,Baoting,0
Hainan,Changjiang,0
Hainan,Chengmai,0
Hainan,Danzhou,0.1
Hainan,Dingan,0
Hainan,Dongfang,0.098
Hainan,Haikou,0
Hainan,Ledong,0
Hainan,Lingao,0
Hainan,Lingshui,0
Hainan,Qionghai,0
Hainan,Qiongzhong,0
Hainan,Sanya,0
Hainan,Tunchang,0
Hainan,Wanning,0
Hainan,Wenchang,0.05
Hainan,Wuzhishan,0
Hebei,Baoding,0.3
Hebei,Cangzhou,1.943
Hebei,Chengde,7.8434
Hebei,Handan,0.601
Hebei,Hengshui,1.05
Hebei,Langfang,0.2
Hebei,Qinhuangdao,1.044
Hebei,Shijiazhuang,0.3
Hebei,Tangshan,0.2575
Hebei,Xingtai,1.04
Hebei,Zhangjiakou,22.2205
Heilongjiang,Daqing,2.234
Heilongjiang,Daxing,0.1
Heilongjiang,Harbin,3.193
Heilongjiang,Hegang,0.754
Heilongjiang,Heihe,0.776
Heilongjiang,Jiamusi,2.342
Heilongjiang,Jixi,0.595
Heilongjiang,Mudanjiang,0.805
Heilongjiang,Qiqihar,2.098
Heilongjiang,Qitaihe,0.645
Heilongjiang,Shuangyashan,1.05
Heilongjiang,Suihua,2.25
Heilongjiang,Yichunx,0.708
Henan,Anyang,3.064
Henan,Hebi,0.608
Henan,Jiaozuo,0.5468
Henan,Jiyuan,0.4581
Henan,Kaifeng,1.768
Henan,Luohe,0.727
Henan,Luoyang,1.738
Henan,Nanyang,2.2894
Henan,Pingdingshan,1.987
Henan,Puyang,1.539
Henan,Sanmenxia,2.073
Henan,Shangqiu,1.2968
Henan,Xinxiang,1.689
Henan,Xinyang,1.644
Henan,Xuchang,0.5235
Henan,Zhengzhou,0.4205
Henan,Zhoukou,1.3678
Henan,Zhumadian,1.1084
Hubei,Enshi,0.698
Hubei,Ezhou,0
Hubei,Huanggang,0.874
Hubei,Huangshi,0.116
Hubei,Jingmen,1.176
Hubei,Jingzhou,0.2
Hubei,Qianjiang,0.35
Hubei,Shennongjia,0
Hubei,Shiyan,0
Hubei,Suizhou,1.355
Hubei,Tianmen,0.8604
Hubei,Wuhan,0.0462
Hubei,Xiangyang,1.697
Hubei,Xianning,0.666
Hubei,Xiantao,0.1
Hubei,Xiaogan,1.626
Hubei,Yichang,0.746
Hunan,Changde,0.325
Hunan,Changsha,0.2615
Hunan,Chenzhou,3.2087
Hunan,Hengyang,0.619
Hunan,Huaihua,1.7418
Hunan,Loudi,0.37
Hunan,Shaoyang,1.5206
Hunan,Xiangtan,0.3316
Hunan,Xiangxi,0.4065
Hunan,Yiyang,0.6875
Hunan,Yongzhou,4.9043
Hunan,Yueyang,0.15
Hunan,Zhangjiajie,0.089
Hunan,Zhuzhou,0.4982
W_InnerMongo,Alxa,5.95
W_InnerMongo,Batou,7.965
W_InnerMongo,Bayannur,10.7957
E_InnerMongo,Chifeng,11.7455
W_InnerMongo,Hohhot,6.27
E_InnerMongo,Hulunbuir,4.108
W_InnerMongo,Ordos,7.9825
E_InnerMongo,Tongliao,12.4838
W_InnerMongo,Ulanqab,14.851
W_InnerMongo,Wuhai,0
W_InnerMongo,XilinGol ,40.618
E_InnerMongo,Xingan,10.8303
Jiangsu,Changzhou,0
Jiangsu,Lianyungang,0.7585
Jiangsu,Nanjing,0.05
Jiangsu,Nantong,1.05
Jiangsu,Suqian,0.1865
Jiangsu,Suzhou,0.05
Jiangsu,Taizhoux,0.1
Jiangsu,Weian,2.2782
Jiangsu,Wuxi,0
Jiangsu,Xuzhou,0.5926
Jiangsu,Yancheng,3.769
Jiangsu,Yangzhou,1.223
Jiangsu,Zhenjiang,0
Jiangxi,Fuzhoux,0.402
Jiangxi,Ganzhou,2.8144
Jiangxi,Jian,1.382
Jiangxi,Jingdezhen,0
Jiangxi,Jiujiang,1.4345
Jiangxi,Nanchang,0.04
Jiangxi,Pingxiang,0
Jiangxi,Shangrao,0.07
Jiangxi,Xinyu,0
Jiangxi,Yichun,0.628
Jiangxi,Yingtan,0
Jilin,Baicheng,10.2309
Jilin,Baishan,0.0111
Jilin,Changchun,0.1765
Jilin,Jilinx,0
Jilin,Liaoyuan,0
Jilin,Siping,0.8627
Jilin,Songyuan,5.343
Jilin,Tonghua,0.0216
Jilin,Yanbian,0.05
Liaoning,Anshan,1.082
Liaoning,Benxi,0.025
Liaoning,Chaoyang,5.1765
Liaoning,Dalian,1.7665
Liaoning,Dandong,0.021
Liaoning,Fushun,0
Liaoning,Fuxin,3.1833
Liaoning,Huludao,0.9386
Liaoning,Jinzhou,1.578
Liaoning,Liaoyang,0.0125
Liaoning,Panjin,0.05
Liaoning,Shenyang,2.634
Liaoning,Tieling,3.1512
Liaoning,Yingkou,1.67
Ningxia,Guyuan,0.444
Ningxia,Shizuishan,0.15
Ningxia,Wuzhong,7.6538
Ningxia,Yinchuan,1.27
Ningxia,Zhongwei,5.108
Qinghai,Guoluo,0
Qinghai,Haibei,0.04
Qinghai,Haidong,0.084
Qinghai,Hainanx,3.752
Qinghai,Haixi,7.341
Qinghai,Huangnan,0.25
Qinghai,Xining,0.113
Qinghai,Yushu,0
Shaanxi,Ankang,0
Shaanxi,Baoji,0.5285
Shaanxi,Hanzhong,0
Shaanxi,Shangluo,0
Shaanxi,Tongchuan,0.201
Shaanxi,Weinan,1.215
Shaanxi,Xian,0
Shaanxi,Xianyang,0.7096
Shaanxi,Yanyan,3.2436
Shaanxi,Yulinx,8.1442
Shandong,Binzhou,1.4895
Shandong,Dezhou,3.696
Shandong,Dongying,1.098
Shandong,Heze,1.459
Shandong,Jinan,0.964
Shandong,Jining,0.248
Shandong,Liaocheng,0.1
Shandong,Linyi,1.0674
Shandong,Qingdao,1.598
Shandong,Rizhao,0.347
Shandong,Taian,0.345
Shandong,Weifang,2.297
Shandong,Weihai,0.969
Shandong,Yantai,3.801
Shandong,Zhaozhuang,0.366
Shandong,Zibo,0.334
Shanghai,Shanghai,0.3378
Shanxi,Changzhi,1.358
Shanxi,Datong,5.1706
Shanxi,Jincheng,0.8209
Shanxi,Jinzhong,1.937
Shanxi,Linfen,1.0264
Shanxi,Lvliang,1.8495
Shanxi,Shuozhou,6.1282
Shanxi,Taiyuan,0.8635
Shanxi,Xinzhou,6.6055
Shanxi,Yangquan,0.768
Shanxi,Yuncheng,2.4212
Sichuan,Aba,0
Sichuan,Bazhong,0
Sichuan,Chengdu,0
Sichuan,Dazhou,0
Sichuan,Deyang,0
Sichuan,Ganzi,0
Sichuan,Guangan,0
Sichuan,Guangyuan,1.155
Sichuan,Leshan,0
Sichuan,Liangshan,6.4282
Sichuan,Luzhou,0.1475
Sichuan,Meishan,0
Sichuan,Mianyang,0.1221
Sichuan,Nanchong,0
Sichuan,Neijiang,0
Sichuan,Panzhihua,0.418
Sichuan,Suining,0
Sichuan,Yaan,0.048
Sichuan,Yibin,0
Sichuan,Zigong,0
Sichuan,Ziyang,0
Sinkiang,Aksu,0
Sinkiang,Altay,3.366
Sinkiang,Arai,0
Sinkiang,Bayingolin,3.75
Sinkiang,Beitun,0
Sinkiang,Bortala,0.5995
Sinkiang,Changji,13.8245
Sinkiang,Hami,29.2535
Sinkiang,Hotan,0
Sinkiang,Huyanghe,0
Sinkiang,IliKazakh,1.95
Sinkiang,Karamay,0.75
Sinkiang,Kashgar,0
Sinkiang,KizilsuKirgiz,0.2
Sinkiang,Kokdala,0.1
Sinkiang,Kunyu,0
Sinkiang,Shihezi,0
Sinkiang,Shuanghe,0.15
Sinkiang,Tacheng,5.549
Sinkiang,Tiemenguan,0.4
Sinkiang,Tumshuk,0
Sinkiang,Turpan,4.6445
Sinkiang,Urumqi,6.8097
Sinkiang,Wujiaqu,0.1
Tianjin,Tianjin,3.4986
Tibet,Ali,0
Tibet,Changdu,0.1
Tibet,Lhasa,0
Tibet,Nagqu,0.3495
Tibet,Nyingchi,0
Tibet,Shannan,0.072
Tibet,Shigatse,0.25
Yunnan,Baoshan,0.175
Yunnan,Chuxiong,1.953
Yunnan,Dali,1.874
Yunnan,Dehong,0
Yunnan,Diqing,0
Yunnan,Honghe,3.568
Yunnan,Kunming,1.3505
Yunnan,Lijiang,0.1495
Yunnan,Lincang,0
Yunnan,Nujiang,0
Yunnan,Puer,0.098
Yunnan,Qujing,5.5907
Yunnan,Wenshan,1.845
Yunnan,Xishuangbanna,0.05
Yunnan,Yuxi,0.6975
Yunnan,Zhaotong,0.391
Zhejiang,Hangzhou,0
Zhejiang,Huzhou,0.13
Zhejiang,Jiaxing,0.118
Zhejiang,Jinhua,0.155
Zhejiang,Lishui,0.324
Zhejiang,Ningbo,0.344
Zhejiang,Quzhou,0
Zhejiang,Shaoxing,0
Zhejiang,Taizhou,0.221
Zhejiang,Wenzhou,0.06
Zhejiang,Zhoushan,0.154
