Prov,Pref,PV_Excap
Anhui,Anqing,0.842
Anhui,Bengbu,0.797
Anhui,Bozhou,0.25
Anhui,Chizhou,0.88
Anhui,Chuzhou,0.9
Anhui,Fuyang,1.23
Anhui,Hefei,1.7214
Anhui,Huaibei,0.501
Anhui,Huainan,1.713
Anhui,Huangshan,0
Anhui,Luan,1.6118
Anhui,Maanshan,0.681
Anhui,Suzhoux,1.1
Anhui,Tongling,0.8511
Anhui,Wuhu,1.0092
Anhui,Xuancheng,0.81
Beijing,Beijing,0.051
Chongqing,Chongqing,1.8768
Fujian,Fuzhou,0.0976
Fujian,Longyan,0
Fujian,Nanping,0.275
Fujian,Ningde,0.335
Fujian,Putian,0.225
Fujian,Quanzhou,0.0211
Fujian,Sanming,0.099
Fujian,Xiamen,0
Fujian,Zhangzhou,1.218
Gansu,Baiyin,1.5494
Gansu,Dingxi,0.559
Gansu,Gannan,0.79
Gansu,Jiayuguan,2.075
Gansu,Jinchang,4.585
Gansu,Jiuquan,8.613
Gansu,Lanzhou,1.6237
Gansu,Linxia,0.7956
Gansu,Longnan,0
Gansu,Pingliang,0.57
Gansu,Qingyang,2.9804
Gansu,Tianshui,0.13
Gansu,Wuwei,9.8644
Gansu,Zhangye,4.9485
Guangdong,Chaozhou,0.1
Guangdong,Dongguan,0
Guangdong,Foshan,0.56
Guangdong,Guangzhou,0.3728
Guangdong,Heyuan,0.652
Guangdong,Huizhou,1.52
Guangdong,Jiangmen,2.1305
Guangdong,Jieyang,0.625
Guangdong,Maoming,1.53
Guangdong,Meizhou,1.607
Guangdong,Qingyuan,3.4391
Guangdong,Shantou,0.658
Guangdong,Shanwei,1.259
Guangdong,Shaoguan,2.497
Guangdong,Shenzhen,0
Guangdong,Yangjiang,1.8752
Guangdong,Yunfu,1.56
Guangdong,Zhanjiang,3.7255
Guangdong,Zhaoqing,3.039
Guangdong,Zhongshan,0
Guangdong,Zhuhai,1.15
Guangxi,Baise,1.766
Guangxi,Beihai,0.8155
Guangxi,Chongzuo,3.567
Guangxi,Fangchenggang,1.26
Guangxi,Guigang,2.465
Guangxi,Guilin,0.225
Guangxi,Hechi,1.785
Guangxi,Hezhou,0.2
Guangxi,Laibin,1.433
Guangxi,Liuzhou,0.6725
Guangxi,Nanning,3.453
Guangxi,Qinzhou,4.5412
Guangxi,Wuzhou,0.7335
Guangxi,Yulin,0.788
Guizhou,Anshun,7.9197
Guizhou,Bijie,6.918
Guizhou,Guiyang,0.2
Guizhou,Liupanshui,3.2667
Guizhou,Qiandongnan,0.35
Guizhou,Qiannan,6.1067
Guizhou,Qianxinan,6.415
Guizhou,Tongren,0.86
Guizhou,Zunyi,0
Hainan,Baisha,0.22
Hainan,Baoting,0
Hainan,Changjiang,0.045
Hainan,Chengmai,0.085
Hainan,Danzhou,0.22
Hainan,Dingan,0.22
Hainan,Dongfang,0.045
Hainan,Haikou,0.3
Hainan,Ledong,0.55
Hainan,Lingao,0.16
Hainan,Lingshui,0
Hainan,Qionghai,0.1
Hainan,Qiongzhong,0
Hainan,Sanya,0.1
Hainan,Tunchang,0.02
Hainan,Wanning,0.17
Hainan,Wenchang,0.7
Hainan,Wuzhishan,0
Hebei,Baoding,3.23
Hebei,Cangzhou,2.772
Hebei,Chengde,4.1955
Hebei,Handan,0.755
Hebei,Hengshui,0.849
Hebei,Langfang,0.1388
Hebei,Qinhuangdao,0.475
Hebei,Shijiazhuang,4.1383
Hebei,Tangshan,5.5938
Hebei,Xingtai,4.582
Hebei,Zhangjiakou,9.388
Heilongjiang,Daqing,1.2537
Heilongjiang,Daxing,0
Heilongjiang,Harbin,0
Heilongjiang,Hegang,0.5
Heilongjiang,Heihe,0.1195
Heilongjiang,Jiamusi,0
Heilongjiang,Jixi,0
Heilongjiang,Mudanjiang,0
Heilongjiang,Qiqihar,1.0593
Heilongjiang,Qitaihe,0
Heilongjiang,Shuangyashan,0
Heilongjiang,Suihua,1.9757
Heilongjiang,Yichunx,0
Henan,Anyang,1.489
Henan,Hebi,0.34
Henan,Jiaozuo,0.05
Henan,Jiyuan,0.02
Henan,Kaifeng,0.12
Henan,Luohe,0.04
Henan,Luoyang,0.39
Henan,Nanyang,0.79
Henan,Pingdingshan,0.797
Henan,Puyang,0.16
Henan,Sanmenxia,0.16
Henan,Shangqiu,0.34
Henan,Xinxiang,0.05
Henan,Xinyang,0.33
Henan,Xuchang,0.0999
Henan,Zhengzhou,0.1
Henan,Zhoukou,0.27
Henan,Zhumadian,0.415
Hubei,Enshi,0.1
Hubei,Ezhou,0.08
Hubei,Huanggang,5.117
Hubei,Huangshi,0.711
Hubei,Jingmen,1.4235
Hubei,Jingzhou,3.168
Hubei,Qianjiang,0.75
Hubei,Shennongjia,0
Hubei,Shiyan,0.22
Hubei,Suizhou,1.995
Hubei,Tianmen,0.94
Hubei,Wuhan,0.2037
Hubei,Xiangyang,2.799
Hubei,Xianning,2.429
Hubei,Xiantao,1.189
Hubei,Xiaogan,3.288
Hubei,Yichang,0.02
Hunan,Changde,1.12
Hunan,Changsha,0.1339
Hunan,Chenzhou,1.51
Hunan,Hengyang,2.6896
Hunan,Huaihua,0.02
Hunan,Loudi,1.1878
Hunan,Shaoyang,0.51
Hunan,Xiangtan,0.17
Hunan,Xiangxi,0
Hunan,Yiyang,1.94
Hunan,Yongzhou,3.775
Hunan,Yueyang,1.329
Hunan,Zhangjiajie,0
Hunan,Zhuzhou,0.35
W_InnerMongo,Alxa,6.384
W_InnerMongo,Batou,3.1554
W_InnerMongo,Bayannur,7.65
E_InnerMongo,Chifeng,1.535
W_InnerMongo,Hohhot,2.241
E_InnerMongo,Hulunbuir,0.9004
W_InnerMongo,Ordos,21.033
E_InnerMongo,Tongliao,2.468
W_InnerMongo,Ulanqab,4.374
W_InnerMongo,Wuhai,1.37
W_InnerMongo,XilinGol ,1.692
E_InnerMongo,Xingan,1.2129
Jiangsu,Changzhou,0.415
Jiangsu,Lianyungang,4.396
Jiangsu,Nanjing,0.15
Jiangsu,Nantong,2.42
Jiangsu,Suqian,2.157
Jiangsu,Suzhou,0.098
Jiangsu,Taizhoux,0.25
Jiangsu,Weian,0.695
Jiangsu,Wuxi,0.462
Jiangsu,Xuzhou,0.643
Jiangsu,Yancheng,0.946
Jiangsu,Yangzhou,1.678
Jiangsu,Zhenjiang,0.5789
Jiangxi,Fuzhoux,3.7409
Jiangxi,Ganzhou,0.8
Jiangxi,Jian,1.228
Jiangxi,Jingdezhen,0.421
Jiangxi,Jiujiang,1.24
Jiangxi,Nanchang,1.907
Jiangxi,Pingxiang,0.19
Jiangxi,Shangrao,3.44
Jiangxi,Xinyu,0.845
Jiangxi,Yichun,2.881
Jiangxi,Yingtan,0.725
Jilin,Baicheng,2.9428
Jilin,Baishan,0
Jilin,Changchun,0.02
Jilin,Jilinx,0
Jilin,Liaoyuan,0.055
Jilin,Siping,0.2
Jilin,Songyuan,0.371
Jilin,Tonghua,0.025
Jilin,Yanbian,0.343
Liaoning,Anshan,0.045
Liaoning,Benxi,0
Liaoning,Chaoyang,1.4686
Liaoning,Dalian,0.406
Liaoning,Dandong,0.04
Liaoning,Fushun,0.16
Liaoning,Fuxin,1.1886
Liaoning,Huludao,0.47
Liaoning,Jinzhou,0.084
Liaoning,Liaoyang,0.05
Liaoning,Panjin,0
Liaoning,Shenyang,0.04
Liaoning,Tieling,0.02
Liaoning,Yingkou,0.0304
Ningxia,Guyuan,0.09
Ningxia,Shizuishan,1.54
Ningxia,Wuzhong,7.092
Ningxia,Yinchuan,11.532
Ningxia,Zhongwei,8.295
Qinghai,Guoluo,0.543
Qinghai,Haibei,0.7205
Qinghai,Haidong,0.58
Qinghai,Hainanx,16.24
Qinghai,Haixi,22.506
Qinghai,Huangnan,0.82
Qinghai,Xining,0.0341
Qinghai,Yushu,0
Shaanxi,Ankang,0.65
Shaanxi,Baoji,1.0835
Shaanxi,Hanzhong,0.62
Shaanxi,Shangluo,0.51
Shaanxi,Tongchuan,1.8095
Shaanxi,Weinan,6.0092
Shaanxi,Xian,0.2965
Shaanxi,Xianyang,1.33
Shaanxi,Yanyan,2.18
Shaanxi,Yulinx,11.3906
Shandong,Binzhou,9.211
Shandong,Dezhou,0.9
Shandong,Dongying,6.635
Shandong,Heze,0.693
Shandong,Jinan,0.31
Shandong,Jining,2.027
Shandong,Liaocheng,1.101
Shandong,Linyi,0.9926
Shandong,Qingdao,0.77
Shandong,Rizhao,0.71
Shandong,Taian,2.153
Shandong,Weifang,7.3659
Shandong,Weihai,2.44
Shandong,Yantai,5.1878
Shandong,Zhaozhuang,0.893
Shandong,Zibo,0.69
Shanghai,Shanghai,0.4664
Shanxi,Changzhi,2.525
Shanxi,Datong,5.745
Shanxi,Jincheng,2.19
Shanxi,Jinzhong,4.365
Shanxi,Linfen,1.81
Shanxi,Lvliang,2.082
Shanxi,Shuozhou,3.0004
Shanxi,Taiyuan,0.74
Shanxi,Xinzhou,2.79
Shanxi,Yangquan,1.87
Shanxi,Yuncheng,3.29
Sichuan,Aba,1.2
Sichuan,Bazhong,0
Sichuan,Chengdu,0
Sichuan,Dazhou,0
Sichuan,Deyang,0
Sichuan,Ganzi,5.971
Sichuan,Guangan,0
Sichuan,Guangyuan,1.1
Sichuan,Leshan,0
Sichuan,Liangshan,3.73
Sichuan,Luzhou,0
Sichuan,Meishan,0
Sichuan,Mianyang,0
Sichuan,Nanchong,0
Sichuan,Neijiang,0
Sichuan,Panzhihua,0.215
Sichuan,Suining,0
Sichuan,Yaan,0.2
Sichuan,Yibin,0
Sichuan,Zigong,0
Sichuan,Ziyang,0
Sinkiang,Aksu,11.97
Sinkiang,Altay,0.19
Sinkiang,Arai,1.55
Sinkiang,Bayingolin,12.378
Sinkiang,Beitun,1.2
Sinkiang,Bortala,3.53
Sinkiang,Changji,14.77
Sinkiang,Hami,9.78
Sinkiang,Hotan,12.09
Sinkiang,Huyanghe,2.003
Sinkiang,IliKazakh,6.41
Sinkiang,Karamay,3.49
Sinkiang,Kashgar,12.47
Sinkiang,KizilsuKirgiz,2.11
Sinkiang,Kokdala,0.1744
Sinkiang,Kunyu,0.45
Sinkiang,Shihezi,2.5164
Sinkiang,Shuanghe,0.2
Sinkiang,Tacheng,8.55
Sinkiang,Tiemenguan,0.4
Sinkiang,Tumshuk,1.61
Sinkiang,Turpan,5.57
Sinkiang,Urumqi,16.49
Sinkiang,Wujiaqu,0.47
Tianjin,Tianjin,5.0519
Tibet,Ali,0.62
Tibet,Changdu,3.05
Tibet,Lhasa,1.285
Tibet,Nagqu,0.8
Tibet,Nyingchi,0.065
Tibet,Shannan,0.96
Tibet,Shigatse,0.73
Yunnan,Baoshan,3.221
Yunnan,Chuxiong,10.71
Yunnan,Dali,4.663
Yunnan,Dehong,0.7467
Yunnan,Diqing,0.1
Yunnan,Honghe,2.1692
Yunnan,Kunming,4.225
Yunnan,Lijiang,2.731
Yunnan,Lincang,3.937
Yunnan,Nujiang,1.0269
Yunnan,Puer,0.886
Yunnan,Qujing,2.798
Yunnan,Wenshan,3.405
Yunnan,Xishuangbanna,2.176
Yunnan,Yuxi,2.572
Yunnan,Zhaotong,1.633
Zhejiang,Hangzhou,0.172
Zhejiang,Huzhou,0.859
Zhejiang,Jiaxing,0.39
Zhejiang,Jinhua,0.25
Zhejiang,Lishui,0.532
Zhejiang,Ningbo,1.426
Zhejiang,Quzhou,1.592
Zhejiang,Shaoxing,0.02
Zhejiang,Taizhou,1.107
Zhejiang,Wenzhou,1.8888
Zhejiang,Zhoushan,0.403
