prov,Pref,PV_Excap
AH,Anqing,0.842
AH,Bengbu,0.797
AH,Bozhou,0.25
AH,Chizhou,0.88
AH,Chuzhou,0.9
AH,Fuyang,1.23
AH,Hefei,1.7214
AH,Huaibei,0.501
AH,Huainan,1.713
AH,Huangshan,0
AH,Luan,1.6118
AH,Maanshan,0.681
AH,Suzhoux,1.1
AH,Tongling,0.8511
AH,Wuhu,1.0092
AH,Xuancheng,0.81
BJ,Beijing,0.051
CQ,Chongqing,1.8768
FJ,Fuzhou,0.0976
FJ,Longyan,0
FJ,Nanping,0.275
FJ,Ningde,0.335
FJ,Putian,0.225
FJ,Quanzhou,0.0211
FJ,Sanming,0.099
FJ,Xiamen,0
FJ,Zhangzhou,1.218
GS,Baiyin,1.5494
GS,Dingxi,0.559
GS,Gannan,0.79
GS,Jiayuguan,2.075
GS,Jinchang,4.585
GS,Jiuquan,8.613
GS,Lanzhou,1.6237
GS,Linxia,0.7956
GS,Longnan,0
GS,Pingliang,0.57
GS,Qingyang,2.9804
GS,Tianshui,0.13
GS,Wuwei,9.8644
GS,Zhangye,4.9485
GD,Chaozhou,0.1
GD,Dongguan,0
GD,Foshan,0.56
GD,Guangzhou,0.3728
GD,Heyuan,0.652
GD,Huizhou,1.52
GD,Jiangmen,2.1305
GD,Jieyang,0.625
GD,Maoming,1.53
GD,Meizhou,1.607
GD,Qingyuan,3.4391
GD,Shantou,0.658
GD,Shanwei,1.259
GD,Shaoguan,2.497
GD,Shenzhen,0
GD,Yangjiang,1.8752
GD,Yunfu,1.56
GD,Zhanjiang,3.7255
GD,Zhaoqing,3.039
GD,Zhongshan,0
GD,Zhuhai,1.15
GX,Baise,1.766
GX,Beihai,0.8155
GX,Chongzuo,3.567
GX,Fangchenggang,1.26
GX,Guigang,2.465
GX,Guilin,0.225
GX,Hechi,1.785
GX,Hezhou,0.2
GX,Laibin,1.433
GX,Liuzhou,0.6725
GX,Nanning,3.453
GX,Qinzhou,4.5412
GX,Wuzhou,0.7335
GX,Yulin,0.788
GZ,Anshun,7.9197
GZ,Bijie,6.918
GZ,Guiyang,0.2
GZ,Liupanshui,3.2667
GZ,Qiandongnan,0.35
GZ,Qiannan,6.1067
GZ,Qianxinan,6.415
GZ,Tongren,0.86
GZ,Zunyi,0
HI,Baisha,0.22
HI,Baoting,0
HI,Changjiang,0.045
HI,Chengmai,0.085
HI,Danzhou,0.22
HI,Dingan,0.22
HI,Dongfang,0.045
HI,Haikou,0.3
HI,Ledong,0.55
HI,Lingao,0.16
HI,Lingshui,0
HI,Qionghai,0.1
HI,Qiongzhong,0
HI,Sanya,0.1
HI,Tunchang,0.02
HI,Wanning,0.17
HI,Wenchang,0.7
HI,Wuzhishan,0
HE,Baoding,3.23
HE,Cangzhou,2.772
HE,Chengde,4.1955
HE,Handan,0.755
HE,Hengshui,0.849
HE,Langfang,0.1388
HE,Qinhuangdao,0.475
HE,Shijiazhuang,4.1383
HE,Tangshan,5.5938
HE,Xingtai,4.582
HE,Zhangjiakou,9.388
HL,Daqing,1.2537
HL,Daxing,0
HL,Harbin,0
HL,Hegang,0.5
HL,Heihe,0.1195
HL,Jiamusi,0
HL,Jixi,0
HL,Mudanjiang,0
HL,Qiqihar,1.0593
HL,Qitaihe,0
HL,Shuangyashan,0
HL,Suihua,1.9757
HL,Yichunx,0
HA,Anyang,1.489
HA,Hebi,0.34
HA,Jiaozuo,0.05
HA,Jiyuan,0.02
HA,Kaifeng,0.12
HA,Luohe,0.04
HA,Luoyang,0.39
HA,Nanyang,0.79
HA,Pingdingshan,0.797
HA,Puyang,0.16
HA,Sanmenxia,0.16
HA,Shangqiu,0.34
HA,Xinxiang,0.05
HA,Xinyang,0.33
HA,Xuchang,0.0999
HA,Zhengzhou,0.1
HA,Zhoukou,0.27
HA,Zhumadian,0.415
HB,Enshi,0.1
HB,Ezhou,0.08
HB,Huanggang,5.117
HB,Huangshi,0.711
HB,Jingmen,1.4235
HB,Jingzhou,3.168
HB,Qianjiang,0.75
HB,Shennongjia,0
HB,Shiyan,0.22
HB,Suizhou,1.995
HB,Tianmen,0.94
HB,Wuhan,0.2037
HB,Xiangyang,2.799
HB,Xianning,2.429
HB,Xiantao,1.189
HB,Xiaogan,3.288
HB,Yichang,0.02
HN,Changde,1.12
HN,Changsha,0.1339
HN,Chenzhou,1.51
HN,Hengyang,2.6896
HN,Huaihua,0.02
HN,Loudi,1.1878
HN,Shaoyang,0.51
HN,Xiangtan,0.17
HN,Xiangxi,0
HN,Yiyang,1.94
HN,Yongzhou,3.775
HN,Yueyang,1.329
HN,Zhangjiajie,0
HN,Zhuzhou,0.35
MX,Alxa,6.384
MX,Batou,3.1554
MX,Bayannur,7.65
MD,Chifeng,1.535
MX,Hohhot,2.241
MD,Hulunbuir,0.9004
MX,Ordos,21.033
MD,Tongliao,2.468
MX,Ulanqab,4.374
MX,Wuhai,1.37
MX,XilinGol,1.692
MD,Xingan,1.2129
JS,Changzhou,0.415
JS,Lianyungang,4.396
JS,Nanjing,0.15
JS,Nantong,2.42
JS,Suqian,2.157
JS,Suzhou,0.098
JS,Taizhoux,0.25
JS,Weian,0.695
JS,Wuxi,0.462
JS,Xuzhou,0.643
JS,Yancheng,0.946
JS,Yangzhou,1.678
JS,Zhenjiang,0.5789
JX,Fuzhoux,3.7409
JX,Ganzhou,0.8
JX,Jian,1.228
JX,Jingdezhen,0.421
JX,Jiujiang,1.24
JX,Nanchang,1.907
JX,Pingxiang,0.19
JX,Shangrao,3.44
JX,Xinyu,0.845
JX,Yichun,2.881
JX,Yingtan,0.725
JL,Baicheng,2.9428
JL,Baishan,0
JL,Changchun,0.02
JL,Jilinx,0
JL,Liaoyuan,0.055
JL,Siping,0.2
JL,Songyuan,0.371
JL,Tonghua,0.025
JL,Yanbian,0.343
LN,Anshan,0.045
LN,Benxi,0
LN,Chaoyang,1.4686
LN,Dalian,0.406
LN,Dandong,0.04
LN,Fushun,0.16
LN,Fuxin,1.1886
LN,Huludao,0.47
LN,Jinzhou,0.084
LN,Liaoyang,0.05
LN,Panjin,0
LN,Shenyang,0.04
LN,Tieling,0.02
LN,Yingkou,0.0304
NX,Guyuan,0.09
NX,Shizuishan,1.54
NX,Wuzhong,7.092
NX,Yinchuan,11.532
NX,Zhongwei,8.295
QH,Guoluo,0.543
QH,Haibei,0.7205
QH,Haidong,0.58
QH,Hainanx,16.24
QH,Haixi,22.506
QH,Huangnan,0.82
QH,Xining,0.0341
QH,Yushu,0
SN,Ankang,0.65
SN,Baoji,1.0835
SN,Hanzhong,0.62
SN,Shangluo,0.51
SN,Tongchuan,1.8095
SN,Weinan,6.0092
SN,Xian,0.2965
SN,Xianyang,1.33
SN,Yanyan,2.18
SN,Yulinx,11.3906
SD,Binzhou,9.211
SD,Dezhou,0.9
SD,Dongying,6.635
SD,Heze,0.693
SD,Jinan,0.31
SD,Jining,2.027
SD,Liaocheng,1.101
SD,Linyi,0.9926
SD,Qingdao,0.77
SD,Rizhao,0.71
SD,Taian,2.153
SD,Weifang,7.3659
SD,Weihai,2.44
SD,Yantai,5.1878
SD,Zhaozhuang,0.893
SD,Zibo,0.69
SH,Shanghai,0.4664
SX,Changzhi,2.525
SX,Datong,5.745
SX,Jincheng,2.19
SX,Jinzhong,4.365
SX,Linfen,1.81
SX,Lvliang,2.082
SX,Shuozhou,3.0004
SX,Taiyuan,0.74
SX,Xinzhou,2.79
SX,Yangquan,1.87
SX,Yuncheng,3.29
SC,Aba,1.2
SC,Bazhong,0
SC,Chengdu,0
SC,Dazhou,0
SC,Deyang,0
SC,Ganzi,5.971
SC,Guangan,0
SC,Guangyuan,1.1
SC,Leshan,0
SC,Liangshan,3.73
SC,Luzhou,0
SC,Meishan,0
SC,Mianyang,0
SC,Nanchong,0
SC,Neijiang,0
SC,Panzhihua,0.215
SC,Suining,0
SC,Yaan,0.2
SC,Yibin,0
SC,Zigong,0
SC,Ziyang,0
XJ,Aksu,11.97
XJ,Altay,0.19
XJ,Arai,1.55
XJ,Bayingolin,12.378
XJ,Beitun,1.2
XJ,Bortala,3.53
XJ,Changji,14.77
XJ,Hami,9.78
XJ,Hotan,12.09
XJ,Huyanghe,2.003
XJ,IliKazakh,6.41
XJ,Karamay,3.49
XJ,Kashgar,12.47
XJ,KizilsuKirgiz,2.11
XJ,Kokdala,0.1744
XJ,Kunyu,0.45
XJ,Shihezi,2.5164
XJ,Shuanghe,0.2
XJ,Tacheng,8.55
XJ,Tiemenguan,0.4
XJ,Tumshuk,1.61
XJ,Turpan,5.57
XJ,Urumqi,16.49
XJ,Wujiaqu,0.47
TJ,Tianjin,5.0519
XZ,Ali,0.62
XZ,Changdu,3.05
XZ,Lhasa,1.285
XZ,Nagqu,0.8
XZ,Nyingchi,0.065
XZ,Shannan,0.96
XZ,Shigatse,0.73
YN,Baoshan,3.221
YN,Chuxiong,10.71
YN,Dali,4.663
YN,Dehong,0.7467
YN,Diqing,0.1
YN,Honghe,2.1692
YN,Kunming,4.225
YN,Lijiang,2.731
YN,Lincang,3.937
YN,Nujiang,1.0269
YN,Puer,0.886
YN,Qujing,2.798
YN,Wenshan,3.405
YN,Xishuangbanna,2.176
YN,Yuxi,2.572
YN,Zhaotong,1.633
ZJ,Hangzhou,0.172
ZJ,Huzhou,0.859
ZJ,Jiaxing,0.39
ZJ,Jinhua,0.25
ZJ,Lishui,0.532
ZJ,Ningbo,1.426
ZJ,Quzhou,1.592
ZJ,Shaoxing,0.02
ZJ,Taizhou,1.107
ZJ,Wenzhou,1.8888
ZJ,Zhoushan,0.403
