prov,Pref,WT_Excap
AH,Anqing,0.693
AH,Bengbu,0.548
AH,Bozhou,1.5505
AH,Chizhou,0.479
AH,Chuzhou,1.5985
AH,Fuyang,1.0391
AH,Hefei,0.126
AH,Huaibei,0.519
AH,Huainan,0.3858
AH,Huangshan,0
AH,Luan,0.171
AH,Maanshan,0.241
AH,Suzhoux,0.982
AH,Tongling,0.02
AH,Wuhu,0.1796
AH,Xuancheng,0.198
BJ,Beijing,0.2355
CQ,Chongqing,1.9412
FJ,Fuzhou,1.103
FJ,Longyan,0.2716
FJ,Nanping,0
FJ,Ningde,0.388
FJ,Putian,1.1635
FJ,Quanzhou,0.397
FJ,Sanming,0.204
FJ,Xiamen,0
FJ,Zhangzhou,0.473
GS,Baiyin,2.4586
GS,Dingxi,2.1755
GS,Gannan,0
GS,Jiayuguan,0
GS,Jinchang,0.7495
GS,Jiuquan,20.9785
GS,Lanzhou,0.095
GS,Linxia,0
GS,Longnan,0.9
GS,Pingliang,0.275
GS,Qingyang,6.0216
GS,Tianshui,0.825
GS,Wuwei,5.15
GS,Zhangye,4.849
GD,Chaozhou,0.1975
GD,Dongguan,0
GD,Foshan,0
GD,Guangzhou,0
GD,Heyuan,0.1
GD,Huizhou,0.132
GD,Jiangmen,0.252
GD,Jieyang,0.264
GD,Maoming,0.317
GD,Meizhou,0.088
GD,Qingyuan,0.905
GD,Shantou,0.3002
GD,Shanwei,0.248
GD,Shaoguan,0.5787
GD,Shenzhen,0
GD,Yangjiang,0.5285
GD,Yunfu,0.087
GD,Zhanjiang,1.448
GD,Zhaoqing,0.3353
GD,Zhongshan,0
GD,Zhuhai,0.066
GX,Baise,0.966
GX,Beihai,0.453
GX,Chongzuo,0.3901
GX,Fangchenggang,0.55
GX,Guigang,0.7
GX,Guilin,3.6155
GX,Hechi,1.016
GX,Hezhou,0.556
GX,Laibin,0.645
GX,Liuzhou,1.715
GX,Nanning,1.35
GX,Qinzhou,3.513
GX,Wuzhou,1.42
GX,Yulin,1.045
GZ,Anshun,0.616
GZ,Bijie,2.7272
GZ,Guiyang,0.208
GZ,Liupanshui,0.724
GZ,Qiandongnan,0.9926
GZ,Qiannan,1.7875
GZ,Qianxinan,1.428
GZ,Tongren,0.9195
GZ,Zunyi,1.245
HI,Baisha,0
HI,Baoting,0
HI,Changjiang,0
HI,Chengmai,0
HI,Danzhou,0.1
HI,Dingan,0
HI,Dongfang,0.098
HI,Haikou,0
HI,Ledong,0
HI,Lingao,0
HI,Lingshui,0
HI,Qionghai,0
HI,Qiongzhong,0
HI,Sanya,0
HI,Tunchang,0
HI,Wanning,0
HI,Wenchang,0.05
HI,Wuzhishan,0
HE,Baoding,0.3
HE,Cangzhou,1.943
HE,Chengde,7.8434
HE,Handan,0.601
HE,Hengshui,1.05
HE,Langfang,0.2
HE,Qinhuangdao,1.044
HE,Shijiazhuang,0.3
HE,Tangshan,0.2575
HE,Xingtai,1.04
HE,Zhangjiakou,22.2205
HL,Daqing,2.234
HL,Daxing,0.1
HL,Harbin,3.193
HL,Hegang,0.754
HL,Heihe,0.776
HL,Jiamusi,2.342
HL,Jixi,0.595
HL,Mudanjiang,0.805
HL,Qiqihar,2.098
HL,Qitaihe,0.645
HL,Shuangyashan,1.05
HL,Suihua,2.25
HL,Yichunx,0.708
HA,Anyang,3.064
HA,Hebi,0.608
HA,Jiaozuo,0.5468
HA,Jiyuan,0.4581
HA,Kaifeng,1.768
HA,Luohe,0.727
HA,Luoyang,1.738
HA,Nanyang,2.2894
HA,Pingdingshan,1.987
HA,Puyang,1.539
HA,Sanmenxia,2.073
HA,Shangqiu,1.2968
HA,Xinxiang,1.689
HA,Xinyang,1.644
HA,Xuchang,0.5235
HA,Zhengzhou,0.4205
HA,Zhoukou,1.3678
HA,Zhumadian,1.1084
HB,Enshi,0.698
HB,Ezhou,0
HB,Huanggang,0.874
HB,Huangshi,0.116
HB,Jingmen,1.176
HB,Jingzhou,0.2
HB,Qianjiang,0.35
HB,Shennongjia,0
HB,Shiyan,0
HB,Suizhou,1.355
HB,Tianmen,0.8604
HB,Wuhan,0.0462
HB,Xiangyang,1.697
HB,Xianning,0.666
HB,Xiantao,0.1
HB,Xiaogan,1.626
HB,Yichang,0.746
HN,Changde,0.325
HN,Changsha,0.2615
HN,Chenzhou,3.2087
HN,Hengyang,0.619
HN,Huaihua,1.7418
HN,Loudi,0.37
HN,Shaoyang,1.5206
HN,Xiangtan,0.3316
HN,Xiangxi,0.4065
HN,Yiyang,0.6875
HN,Yongzhou,4.9043
HN,Yueyang,0.15
HN,Zhangjiajie,0.089
HN,Zhuzhou,0.4982
MX,Alxa,5.95
MX,Batou,7.965
MX,Bayannur,10.7957
MD,Chifeng,11.7455
MX,Hohhot,6.27
MD,Hulunbuir,4.108
MX,Ordos,7.9825
MD,Tongliao,12.4838
MX,Ulanqab,14.851
MX,Wuhai,0
MX,XilinGol,40.618
MD,Xingan,10.8303
JS,Changzhou,0
JS,Lianyungang,0.7585
JS,Nanjing,0.05
JS,Nantong,1.05
JS,Suqian,0.1865
JS,Suzhou,0.05
JS,Taizhoux,0.1
JS,Weian,2.2782
JS,Wuxi,0
JS,Xuzhou,0.5926
JS,Yancheng,3.769
JS,Yangzhou,1.223
JS,Zhenjiang,0
JX,Fuzhoux,0.402
JX,Ganzhou,2.8144
JX,Jian,1.382
JX,Jingdezhen,0
JX,Jiujiang,1.4345
JX,Nanchang,0
JX,Pingxiang,0
JX,Shangrao,0.07
JX,Xinyu,0
JX,Yichun,0.628
JX,Yingtan,0
JL,Baicheng,10.2309
JL,Baishan,0.0111
JL,Changchun,0.1765
JL,Jilinx,0
JL,Liaoyuan,0
JL,Siping,0.8627
JL,Songyuan,5.343
JL,Tonghua,0.0216
JL,Yanbian,0.05
LN,Anshan,1.082
LN,Benxi,0.025
LN,Chaoyang,5.1765
LN,Dalian,1.7665
LN,Dandong,0.021
LN,Fushun,0
LN,Fuxin,3.1833
LN,Huludao,0.9386
LN,Jinzhou,1.578
LN,Liaoyang,0.0125
LN,Panjin,0.05
LN,Shenyang,2.634
LN,Tieling,3.1512
LN,Yingkou,1.67
NX,Guyuan,0.444
NX,Shizuishan,0.15
NX,Wuzhong,7.6538
NX,Yinchuan,1.27
NX,Zhongwei,5.108
QH,Guoluo,0
QH,Haibei,0
QH,Haidong,0.084
QH,Hainanx,3.752
QH,Haixi,7.341
QH,Huangnan,0.25
QH,Xining,0
QH,Yushu,0
SN,Ankang,0
SN,Baoji,0.5285
SN,Hanzhong,0
SN,Shangluo,0
SN,Tongchuan,0.201
SN,Weinan,1.215
SN,Xian,0
SN,Xianyang,0.7096
SN,Yanyan,3.2436
SN,Yulinx,8.1442
SD,Binzhou,1.4895
SD,Dezhou,3.696
SD,Dongying,1.098
SD,Heze,1.459
SD,Jinan,0.964
SD,Jining,0.248
SD,Liaocheng,0.1
SD,Linyi,1.0674
SD,Qingdao,1.598
SD,Rizhao,0.347
SD,Taian,0.345
SD,Weifang,2.297
SD,Weihai,0.969
SD,Yantai,3.801
SD,Zhaozhuang,0.366
SD,Zibo,0.334
SH,Shanghai,0.3378
SX,Changzhi,1.358
SX,Datong,5.1706
SX,Jincheng,0.8209
SX,Jinzhong,1.937
SX,Linfen,1.0264
SX,Lvliang,1.8495
SX,Shuozhou,6.1282
SX,Taiyuan,0.8635
SX,Xinzhou,6.6055
SX,Yangquan,0.768
SX,Yuncheng,2.4212
SC,Aba,0
SC,Bazhong,0
SC,Chengdu,0
SC,Dazhou,0
SC,Deyang,0
SC,Ganzi,0
SC,Guangan,0
SC,Guangyuan,1.155
SC,Leshan,0
SC,Liangshan,6.4282
SC,Luzhou,0.1475
SC,Meishan,0
SC,Mianyang,0.1221
SC,Nanchong,0
SC,Neijiang,0
SC,Panzhihua,0.418
SC,Suining,0
SC,Yaan,0.048
SC,Yibin,0
SC,Zigong,0
SC,Ziyang,0
XJ,Aksu,0
XJ,Altay,3.366
XJ,Arai,0
XJ,Bayingolin,3.75
XJ,Beitun,0
XJ,Bortala,0.5995
XJ,Changji,13.8245
XJ,Hami,29.2535
XJ,Hotan,0
XJ,Huyanghe,0
XJ,IliKazakh,1.95
XJ,Karamay,0.75
XJ,Kashgar,0
XJ,KizilsuKirgiz,0.2
XJ,Kokdala,0.1
XJ,Kunyu,0
XJ,Shihezi,0
XJ,Shuanghe,0.15
XJ,Tacheng,5.549
XJ,Tiemenguan,0.4
XJ,Tumshuk,0
XJ,Turpan,4.6445
XJ,Urumqi,6.8097
XJ,Wujiaqu,0.1
TJ,Tianjin,3.4986
XZ,Ali,0
XZ,Changdu,0.1
XZ,Lhasa,0
XZ,Nagqu,0.3495
XZ,Nyingchi,0
XZ,Shannan,0.072
XZ,Shigatse,0.25
YN,Baoshan,0.175
YN,Chuxiong,1.953
YN,Dali,1.874
YN,Dehong,0
YN,Diqing,0
YN,Honghe,3.568
YN,Kunming,1.3505
YN,Lijiang,0.1495
YN,Lincang,0
YN,Nujiang,0
YN,Puer,0.098
YN,Qujing,5.5907
YN,Wenshan,1.845
YN,Xishuangbanna,0
YN,Yuxi,0.6975
YN,Zhaotong,0.391
ZJ,Hangzhou,0
ZJ,Huzhou,0.13
ZJ,Jiaxing,0.118
ZJ,Jinhua,0.155
ZJ,Lishui,0.324
ZJ,Ningbo,0.344
ZJ,Quzhou,0
ZJ,Shaoxing,0
ZJ,Taizhou,0.221
ZJ,Wenzhou,0.06
ZJ,Zhoushan,0.154
