prov,Pref,Coal_Excap
AH,Anqing,4.92
AH,Bengbu,2.67
AH,Bozhou,3.62
AH,Chizhou,1.96
AH,Chuzhou,1.92
AH,Fuyang,4.1
AH,Hefei,3.33
AH,Huaibei,7.51
AH,Huainan,20.5
AH,Huangshan,0
AH,Luan,2.64
AH,Maanshan,4.635
AH,Suzhoux,3.66
AH,Tongling,3.52
AH,Wuhu,3.64
AH,Xuancheng,1.62
BJ,Beijing,0
CQ,Chongqing,14.774
FJ,Fuzhou,12.26
FJ,Longyan,1.2
FJ,Nanping,1.32
FJ,Ningde,2.565
FJ,Putian,2.946
FJ,Quanzhou,5.45
FJ,Sanming,0.6
FJ,Xiamen,1.96
FJ,Zhangzhou,5.42
GS,Baiyin,4.14
GS,Dingxi,0
GS,Gannan,0
GS,Jiayuguan,2.95
GS,Jinchang,3.62
GS,Jiuquan,7.26
GS,Lanzhou,4.92
GS,Linxia,0
GS,Longnan,0
GS,Pingliang,6.13
GS,Qingyang,2
GS,Tianshui,0.66
GS,Wuwei,2.7
GS,Zhangye,2.65
GD,Chaozhou,5.26
GD,Dongguan,2.806
GD,Foshan,2.975
GD,Guangzhou,3.87
GD,Heyuan,3.2442
GD,Huizhou,2.66
GD,Jiangmen,5.93
GD,Jieyang,7.2
GD,Maoming,5.33
GD,Meizhou,4.67
GD,Qingyuan,4
GD,Shantou,8.776
GD,Shanwei,12.62
GD,Shaoguan,4.68
GD,Shenzhen,1.3
GD,Yangjiang,7.48
GD,Yunfu,2.46
GD,Zhanjiang,6.72
GD,Zhaoqing,0.7
GD,Zhongshan,0.6
GD,Zhuhai,2.6
GX,Baise,4.505
GX,Beihai,6.1
GX,Chongzuo,1.32
GX,Fangchenggang,2.58
GX,Guigang,1.2
GX,Guilin,0.6
GX,Hechi,0
GX,Hezhou,2.79
GX,Laibin,2.84
GX,Liuzhou,0.7
GX,Nanning,1.37
GX,Qinzhou,6.3
GX,Wuzhou,0.13
GX,Yulin,0.1828
GZ,Anshun,2.52
GZ,Bijie,12.24
GZ,Guiyang,1.3
GZ,Liupanshui,12.78
GZ,Qiandongnan,1.2
GZ,Qiannan,1.5
GZ,Qianxinan,5.32
GZ,Tongren,0.6
GZ,Zunyi,4.56
HI,Baisha,0
HI,Baoting,0
HI,Changjiang,0
HI,Chengmai,0
HI,Danzhou,0.3
HI,Dingan,0
HI,Dongfang,1.4
HI,Haikou,0.66
HI,Ledong,0.7
HI,Lingao,0
HI,Lingshui,0
HI,Qionghai,0
HI,Qiongzhong,0
HI,Sanya,0
HI,Tunchang,0
HI,Wanning,0
HI,Wenchang,0
HI,Wuzhishan,0
HE,Baoding,8.43
HE,Cangzhou,7.3
HE,Chengde,1.75
HE,Handan,5.428
HE,Hengshui,1.32
HE,Langfang,2.7
HE,Qinhuangdao,3.03
HE,Shijiazhuang,8.18
HE,Tangshan,10.626
HE,Xingtai,2.6
HE,Zhangjiakou,5.94
HL,Daqing,2.75
HL,Daxing,5.26
HL,Harbin,1.4
HL,Hegang,0.1
HL,Heihe,0.27
HL,Jiamusi,0.725
HL,Jixi,0.85
HL,Mudanjiang,1.245
HL,Qiqihar,2.15
HL,Qitaihe,1.9
HL,Shuangyashan,2.8
HL,Suihua,0.8
HL,Yichunx,0.861
HA,Anyang,2.64
HA,Hebi,3.39
HA,Jiaozuo,5.86
HA,Jiyuan,4.7
HA,Kaifeng,1.26
HA,Luohe,0.66
HA,Luoyang,8.7
HA,Nanyang,6.32
HA,Pingdingshan,4.86
HA,Puyang,1.67
HA,Sanmenxia,3.97
HA,Shangqiu,5.49
HA,Xinxiang,4.56
HA,Xinyang,3.94
HA,Xuchang,2.84
HA,Zhengzhou,9.65
HA,Zhoukou,1.32
HA,Zhumadian,1.3
HB,Enshi,0
HB,Ezhou,5.96
HB,Huanggang,4.85
HB,Huangshi,2.35
HB,Jingmen,1.98
HB,Jingzhou,4.505
HB,Qianjiang,0.18
HB,Shennongjia,0
HB,Shiyan,1.05
HB,Suizhou,1.32
HB,Tianmen,0
HB,Wuhan,4.31
HB,Xiangyang,4.7
HB,Xianning,4.66
HB,Xiantao,2.64
HB,Xiaogan,5.84
HB,Yichang,1.478
HN,Changde,3.84
HN,Changsha,1.2
HN,Chenzhou,1.93
HN,Hengyang,0.66
HN,Huaihua,0
HN,Loudi,2.55
HN,Shaoyang,1.32
HN,Xiangtan,1.8
HN,Xiangxi,0
HN,Yiyang,3.92
HN,Yongzhou,2.1
HN,Yueyang,6.625
HN,Zhangjiajie,0
HN,Zhuzhou,3.94
MX,Alxa,2.95
MX,Batou,10.94
MX,Bayannur,2.76
MD,Chifeng,5.29
MX,Hohhot,14.24
MD,Hulunbuir,8.06
MX,Ordos,39.78
MD,Tongliao,10.812
MX,Ulanqab,9.58
MX,Wuhai,4.22
MX,XilinGol,21.38
MD,Xingan,2.88
JS,Changzhou,3.375
JS,Lianyungang,3.195
JS,Nanjing,7.12
JS,Nantong,8.08
JS,Suqian,1.32
JS,Suzhou,20.072
JS,Taizhoux,7.48
JS,Weian,2.29
JS,Wuxi,7.635
JS,Xuzhou,10.75
JS,Yancheng,10.64
JS,Yangzhou,3.342
JS,Zhenjiang,8.49
JX,Fuzhoux,2
JX,Ganzhou,6.02
JX,Jian,1.92
JX,Jingdezhen,1.32
JX,Jiujiang,5.733
JX,Nanchang,1.5
JX,Pingxiang,1.32
JX,Shangrao,3.3
JX,Xinyu,4.09
JX,Yichun,6.82
JX,Yingtan,1.88
JL,Baicheng,1.72
JL,Baishan,0.6
JL,Changchun,5.52
JL,Jilinx,2.361
JL,Liaoyuan,0.66
JL,Siping,2.73
JL,Songyuan,0.81
JL,Tonghua,0.6
JL,Yanbian,1.06
LN,Anshan,0.125
LN,Benxi,0.9
LN,Chaoyang,1.9
LN,Dalian,5.96
LN,Dandong,1.3
LN,Fushun,2.21
LN,Fuxin,1.8
LN,Huludao,5.06
LN,Jinzhou,1.98
LN,Liaoyang,1.08
LN,Panjin,0.76
LN,Shenyang,4.35
LN,Tieling,4.4
LN,Yingkou,2.64
NX,Guyuan,2.66
NX,Shizuishan,4.58
NX,Wuzhong,10.15
NX,Yinchuan,19.55
NX,Zhongwei,0
QH,Guoluo,0
QH,Haibei,0.27
QH,Haidong,0
QH,Hainanx,0
QH,Haixi,1.32
QH,Huangnan,0
QH,Xining,4.87
QH,Yushu,0
SN,Ankang,0
SN,Baoji,3.88
SN,Hanzhong,0.66
SN,Shangluo,2.64
SN,Tongchuan,2.6
SN,Weinan,7.69
SN,Xian,1.55
SN,Xianyang,4.82
SN,Yanyan,10.74
SN,Yulinx,31.86
SD,Binzhou,22.27
SD,Dezhou,4.18
SD,Dongying,5.43
SD,Heze,5.82
SD,Jinan,7.935
SD,Jining,10.31
SD,Liaocheng,13.57
SD,Linyi,5.07
SD,Qingdao,3.615
SD,Rizhao,4.262
SD,Taian,4.54
SD,Weifang,5.43
SD,Weihai,2.736
SD,Yantai,13.12
SD,Zhaozhuang,4.25
SD,Zibo,3.796
SH,Shanghai,17.78
SX,Changzhi,9.29
SX,Datong,12.51
SX,Jincheng,3.98
SX,Jinzhong,5.982
SX,Linfen,4.8
SX,Lvliang,7.205
SX,Shuozhou,12.01
SX,Taiyuan,5.18
SX,Xinzhou,8.38
SX,Yangquan,6.105
SX,Yuncheng,4.96
SC,Aba,0
SC,Bazhong,0
SC,Chengdu,1.2
SC,Dazhou,1.2
SC,Deyang,0
SC,Ganzi,0
SC,Guangan,2.4
SC,Guangyuan,2
SC,Leshan,0
SC,Liangshan,0
SC,Luzhou,1.2
SC,Meishan,0
SC,Mianyang,3.26
SC,Nanchong,0
SC,Neijiang,1
SC,Panzhihua,0.33
SC,Suining,0
SC,Yaan,0
SC,Yibin,2.565
SC,Zigong,0
SC,Ziyang,0
XJ,Aksu,2.565
XJ,Altay,0.27
XJ,Arai,0.8
XJ,Bayingolin,2.37
XJ,Beitun,0
XJ,Bortala,0.3
XJ,Changji,37.47
XJ,Hami,11.94
XJ,Hotan,0.97
XJ,Huyanghe,0
XJ,IliKazakh,5.115
XJ,Karamay,1.175
XJ,Kashgar,2.02
XJ,KizilsuKirgiz,0
XJ,Kokdala,0.07
XJ,Kunyu,0
XJ,Shihezi,6.78
XJ,Shuanghe,0
XJ,Tacheng,0
XJ,Tiemenguan,0
XJ,Tumshuk,0.8
XJ,Turpan,2.66
XJ,Urumqi,4.47
XJ,Wujiaqu,3.64
TJ,Tianjin,12.344
XZ,Ali,0
XZ,Changdu,0
XZ,Lhasa,0
XZ,Nagqu,0
XZ,Nyingchi,0
XZ,Shannan,0
XZ,Shigatse,0
YN,Baoshan,0
YN,Chuxiong,0
YN,Dali,0
YN,Dehong,0
YN,Diqing,0
YN,Honghe,2.5
YN,Kunming,1.6
YN,Lijiang,0
YN,Lincang,0
YN,Nujiang,0
YN,Puer,0
YN,Qujing,5.4
YN,Wenshan,0
YN,Xishuangbanna,0
YN,Yuxi,0
YN,Zhaotong,2.4
ZJ,Hangzhou,0
ZJ,Huzhou,2.52
ZJ,Jiaxing,7.407
ZJ,Jinhua,2.4
ZJ,Lishui,0
ZJ,Ningbo,16.5038
ZJ,Quzhou,0.475
ZJ,Shaoxing,0.999
ZJ,Taizhou,10.52
ZJ,Wenzhou,11.04
ZJ,Zhoushan,8.82
