prov,pref,Binary
AH,Anqing,1
AH,Bengbu,1
AH,Bozhou,1
AH,Chizhou,1
AH,Chuzhou,1
AH,Fuyang,1
AH,Hefei,1
AH,Huaibei,1
AH,Huainan,1
AH,Huangshan,1
AH,Luan,1
AH,Maanshan,1
AH,Suzhoux,1
AH,Tongling,1
AH,Wuhu,1
AH,Xuancheng,1
BJ,Beijing,1
CQ,Chongqing,1
FJ,Fuzhou,1
FJ,Longyan,1
FJ,Nanping,1
FJ,Ningde,1
FJ,Putian,1
FJ,Quanzhou,1
FJ,Sanming,1
FJ,Xiamen,1
FJ,Zhangzhou,1
GS,Baiyin,1
GS,Dingxi,1
GS,Gannan,1
GS,Jiayuguan,1
GS,Jinchang,1
GS,Jiuquan,1
GS,Lanzhou,1
GS,Linxia,1
GS,Longnan,1
GS,Pingliang,1
GS,Qingyang,1
GS,Tianshui,1
GS,Wuwei,1
GS,Zhangye,1
GD,Chaozhou,1
GD,Dongguan,1
GD,Foshan,1
GD,Guangzhou,1
GD,Heyuan,1
GD,Huizhou,1
GD,Jiangmen,1
GD,Jieyang,1
GD,Maoming,1
GD,Meizhou,1
GD,Qingyuan,1
GD,Shantou,1
GD,Shanwei,1
GD,Shaoguan,1
GD,Shenzhen,1
GD,Yangjiang,1
GD,Yunfu,1
GD,Zhanjiang,1
GD,Zhaoqing,1
GD,Zhongshan,1
GD,Zhuhai,1
GX,Baise,1
GX,Beihai,1
GX,Chongzuo,1
GX,Fangchenggang,1
GX,Guigang,1
GX,Guilin,1
GX,Hechi,1
GX,Hezhou,1
GX,Laibin,1
GX,Liuzhou,1
GX,Nanning,1
GX,Qinzhou,1
GX,Wuzhou,1
GX,Yulin,1
GZ,Anshun,1
GZ,Bijie,1
GZ,Guiyang,1
GZ,Liupanshui,1
GZ,Qiandongnan,1
GZ,Qiannan,1
GZ,Qianxinan,1
GZ,Tongren,1
GZ,Zunyi,1
HI,Baisha,1
HI,Baoting,1
HI,Changjiang,1
HI,Chengmai,1
HI,Danzhou,1
HI,Dingan,1
HI,Dongfang,1
HI,Haikou,1
HI,Ledong,1
HI,Lingao,1
HI,Lingshui,1
HI,Qionghai,1
HI,Qiongzhong,1
HI,Sanya,1
HI,Tunchang,1
HI,Wanning,1
HI,Wenchang,1
HI,Wuzhishan,1
HE,Baoding,1
HE,Cangzhou,1
HE,Chengde,1
HE,Handan,1
HE,Hengshui,1
HE,Langfang,1
HE,Qinhuangdao,1
HE,Shijiazhuang,1
HE,Tangshan,1
HE,Xingtai,1
HE,Zhangjiakou,1
HL,Daqing,1
HL,Daxing,1
HL,Harbin,1
HL,Hegang,1
HL,Heihe,1
HL,Jiamusi,1
HL,Jixi,1
HL,Mudanjiang,1
HL,Qiqihar,1
HL,Qitaihe,1
HL,Shuangyashan,1
HL,Suihua,1
HL,Yichunx,1
HA,Anyang,1
HA,Hebi,1
HA,Jiaozuo,1
HA,Jiyuan,1
HA,Kaifeng,1
HA,Luohe,1
HA,Luoyang,1
HA,Nanyang,1
HA,Pingdingshan,1
HA,Puyang,1
HA,Sanmenxia,1
HA,Shangqiu,1
HA,Xinxiang,1
HA,Xinyang,1
HA,Xuchang,1
HA,Zhengzhou,1
HA,Zhoukou,1
HA,Zhumadian,1
HB,Enshi,1
HB,Ezhou,1
HB,Huanggang,1
HB,Huangshi,1
HB,Jingmen,1
HB,Jingzhou,1
HB,Qianjiang,1
HB,Shennongjia,1
HB,Shiyan,1
HB,Suizhou,1
HB,Tianmen,1
HB,Wuhan,1
HB,Xiangyang,1
HB,Xianning,1
HB,Xiantao,1
HB,Xiaogan,1
HB,Yichang,1
HN,Changde,1
HN,Changsha,1
HN,Chenzhou,1
HN,Hengyang,1
HN,Huaihua,1
HN,Loudi,1
HN,Shaoyang,1
HN,Xiangtan,1
HN,Xiangxi,1
HN,Yiyang,1
HN,Yongzhou,1
HN,Yueyang,1
HN,Zhangjiajie,1
HN,Zhuzhou,1
MX,Alxa,1
MX,Batou,1
MX,Bayannur,1
MD,Chifeng,1
MX,Hohhot,1
MD,Hulunbuir,1
MX,Ordos,1
MD,Tongliao,1
MX,Ulanqab,1
MX,Wuhai,1
MX,XilinGol ,1
MD,Xingan,1
JS,Changzhou,1
JS,Lianyungang,1
JS,Nanjing,1
JS,Nantong,1
JS,Suqian,1
JS,Suzhou,1
JS,Taizhoux,1
JS,Weian,1
JS,Wuxi,1
JS,Xuzhou,1
JS,Yancheng,1
JS,Yangzhou,1
JS,Zhenjiang,1
JX,Fuzhoux,1
JX,Ganzhou,1
JX,Jian,1
JX,Jingdezhen,1
JX,Jiujiang,1
JX,Nanchang,1
JX,Pingxiang,1
JX,Shangrao,1
JX,Xinyu,1
JX,Yichun,1
JX,Yingtan,1
JL,Baicheng,1
JL,Baishan,1
JL,Changchun,1
JL,Jilinx,1
JL,Liaoyuan,1
JL,Siping,1
JL,Songyuan,1
JL,Tonghua,1
JL,Yanbian,1
LN,Anshan,1
LN,Benxi,1
LN,Chaoyang,1
LN,Dalian,1
LN,Dandong,1
LN,Fushun,1
LN,Fuxin,1
LN,Huludao,1
LN,Jinzhou,1
LN,Liaoyang,1
LN,Panjin,1
LN,Shenyang,1
LN,Tieling,1
LN,Yingkou,1
NX,Guyuan,1
NX,Shizuishan,1
NX,Wuzhong,1
NX,Yinchuan,1
NX,Zhongwei,1
QH,Guoluo,1
QH,Haibei,1
QH,Haidong,1
QH,Hainanx,1
QH,Haixi,1
QH,Huangnan,1
QH,Xining,1
QH,Yushu,1
SN,Ankang,1
SN,Baoji,1
SN,Hanzhong,1
SN,Shangluo,1
SN,Tongchuan,1
SN,Weinan,1
SN,Xian,1
SN,Xianyang,1
SN,Yanyan,1
SN,Yulinx,1
SD,Binzhou,1
SD,Dezhou,1
SD,Dongying,1
SD,Heze,1
SD,Jinan,1
SD,Jining,1
SD,Liaocheng,1
SD,Linyi,1
SD,Qingdao,1
SD,Rizhao,1
SD,Taian,1
SD,Weifang,1
SD,Weihai,1
SD,Yantai,1
SD,Zhaozhuang,1
SD,Zibo,1
SH,Shanghai,1
SX,Changzhi,1
SX,Datong,1
SX,Jincheng,1
SX,Jinzhong,1
SX,Linfen,1
SX,Lvliang,1
SX,Shuozhou,1
SX,Taiyuan,1
SX,Xinzhou,1
SX,Yangquan,1
SX,Yuncheng,1
SC,Aba,1
SC,Bazhong,1
SC,Chengdu,1
SC,Dazhou,1
SC,Deyang,1
SC,Ganzi,1
SC,Guangan,1
SC,Guangyuan,1
SC,Leshan,1
SC,Liangshan,1
SC,Luzhou,1
SC,Meishan,1
SC,Mianyang,1
SC,Nanchong,1
SC,Neijiang,1
SC,Panzhihua,1
SC,Suining,1
SC,Yaan,1
SC,Yibin,1
SC,Zigong,1
SC,Ziyang,1
XJ,Aksu,1
XJ,Altay,1
XJ,Arai,1
XJ,Bayingolin,1
XJ,Beitun,1
XJ,Bortala,1
XJ,Changji,1
XJ,Hami,1
XJ,Hotan,1
XJ,Huyanghe,1
XJ,IliKazakh,1
XJ,Karamay,1
XJ,Kashgar,1
XJ,KizilsuKirgiz,1
XJ,Kokdala,1
XJ,Kunyu,1
XJ,Shihezi,1
XJ,Shuanghe,1
XJ,Tacheng,1
XJ,Tiemenguan,1
XJ,Tumshuk,1
XJ,Turpan,1
XJ,Urumqi,1
XJ,Wujiaqu,1
TJ,Tianjin,1
XZ,Ali,1
XZ,Changdu,1
XZ,Lhasa,1
XZ,Nagqu,1
XZ,Nyingchi,1
XZ,Shannan,1
XZ,Shigatse,1
YN,Baoshan,1
YN,Chuxiong,1
YN,Dali,1
YN,Dehong,1
YN,Diqing,1
YN,Honghe,1
YN,Kunming,1
YN,Lijiang,1
YN,Lincang,1
YN,Nujiang,1
YN,Puer,1
YN,Qujing,1
YN,Wenshan,1
YN,Xishuangbanna,1
YN,Yuxi,1
YN,Zhaotong,1
ZJ,Hangzhou,1
ZJ,Huzhou,1
ZJ,Jiaxing,1
ZJ,Jinhua,1
ZJ,Lishui,1
ZJ,Ningbo,1
ZJ,Quzhou,1
ZJ,Shaoxing,1
ZJ,Taizhou,1
ZJ,Wenzhou,1
ZJ,Zhoushan,1
