prov,prex,PV_Cap
AH,Anqing,45.45
AH,Bengbu,10.64
AH,Bozhou,15.22
AH,Chizhou,33.37
AH,Chuzhou,28.76
AH,Fuyang,17.45
AH,Hefei,30.97
AH,Huaibei,5.18
AH,Huainan,8.4
AH,Huangshan,4.89
AH,Luan,21.74
AH,Maanshan,18.36
AH,Suzhoux,16.9
AH,Tongling,21.54
AH,Wuhu,53.42
AH,Xuancheng,48.75
BJ,Beijing,37.99
CQ,Chongqing,9.6
FJ,Fuzhou,41.16
FJ,Longyan,29.34
FJ,Nanping,53.8
FJ,Ningde,36.49
FJ,Putian,9.7
FJ,Quanzhou,47.09
FJ,Sanming,42.26
FJ,Xiamen,5.89
FJ,Zhangzhou,47.89
GS,Baiyin,161.63
GS,Dingxi,63.57
GS,Gannan,161.13
GS,Jiayuguan,4.01
GS,Jinchang,76.14
GS,Jiuquan,1675.26
GS,Lanzhou,128.08
GS,Linxia,40.53
GS,Longnan,16.17
GS,Pingliang,6.61
GS,Qingyang,26.27
GS,Tianshui,4.57
GS,Wuwei,354.72
GS,Zhangye,151.12
GD,Chaozhou,27.26
GD,Dongguan,16.15
GD,Foshan,38.57
GD,Guangzhou,56.12
GD,Heyuan,79.81
GD,Huizhou,98.25
GD,Jiangmen,85.11
GD,Jieyang,59.95
GD,Maoming,127.58
GD,Meizhou,114.02
GD,Qingyuan,96.69
GD,Shantou,14.27
GD,Shanwei,46.95
GD,Shaoguan,17.41
GD,Shenzhen,9.26
GD,Yangjiang,58.86
GD,Yunfu,63.7
GD,Zhanjiang,65.43
GD,Zhaoqing,87.19
GD,Zhongshan,0
GD,Zhuhai,1.6
GX,Baise,271.11
GX,Beihai,23.73
GX,Chongzuo,143.36
GX,Fangchenggang,31.55
GX,Guigang,75.38
GX,Guilin,1.36
GX,Hechi,16.62
GX,Hezhou,35.05
GX,Laibin,77.52
GX,Liuzhou,68.65
GX,Nanning,204.82
GX,Qinzhou,155.11
GX,Wuzhou,82.48
GX,Yulin,141.01
GZ,Anshun,0
GZ,Bijie,12.35
GZ,Guiyang,0
GZ,Liupanshui,3.5
GZ,Qiandongnan,0
GZ,Qiannan,8
GZ,Qianxinan,78.88
GZ,Tongren,1
GZ,Zunyi,0
HI,Baisha,3.97
HI,Baoting,1.44
HI,Changjiang,11.26
HI,Chengmai,26.95
HI,Danzhou,38.2
HI,Dingan,20.68
HI,Dongfang,13.38
HI,Haikou,43.64
HI,Ledong,3.18
HI,Lingao,26.37
HI,Lingshui,4.58
HI,Qionghai,11.13
HI,Qiongzhong,5.43
HI,Sanya,8.1
HI,Tunchang,6.74
HI,Wanning,4.41
HI,Wenchang,33.89
HI,Wuzhishan,0
HE,Baoding,16.69
HE,Cangzhou,20.35
HE,Chengde,129.63
HE,Handan,12.82
HE,Hengshui,13.39
HE,Langfang,9.36
HE,Qinhuangdao,14.81
HE,Shijiazhuang,12.85
HE,Tangshan,16.84
HE,Xingtai,15.25
HE,Zhangjiakou,205.8
HL,Daqing,30.81
HL,Daxing,46
HL,Harbin,39.47
HL,Hegang,2.18
HL,Heihe,157.79
HL,Jiamusi,10.45
HL,Jixi,8.45
HL,Mudanjiang,0.52
HL,Qiqihar,13.2
HL,Qitaihe,4.39
HL,Shuangyashan,1.69
HL,Suihua,46.55
HL,Yichunx,9.72
HA,Anyang,15.35
HA,Hebi,4.65
HA,Jiaozuo,10.29
HA,Jiyuan,6.58
HA,Kaifeng,10.73
HA,Luohe,5.31
HA,Luoyang,22.36
HA,Nanyang,32.79
HA,Pingdingshan,14.67
HA,Puyang,7.04
HA,Sanmenxia,28.39
HA,Shangqiu,18.36
HA,Xinxiang,16.76
HA,Xinyang,16.38
HA,Xuchang,8.58
HA,Zhengzhou,15.58
HA,Zhoukou,21.13
HA,Zhumadian,18.73
HB,Enshi,0
HB,Ezhou,16.91
HB,Huanggang,56.01
HB,Huangshi,39.44
HB,Jingmen,53.04
HB,Jingzhou,49.63
HB,Qianjiang,9.27
HB,Shennongjia,0.08
HB,Shiyan,0.82
HB,Suizhou,27.67
HB,Tianmen,5.55
HB,Wuhan,64.4
HB,Xiangyang,57.94
HB,Xianning,59.9
HB,Xiantao,15.61
HB,Xiaogan,26.96
HB,Yichang,60.45
HN,Changde,61.14
HN,Changsha,140.6
HN,Chenzhou,128.74
HN,Hengyang,189.04
HN,Huaihua,0
HN,Loudi,28.21
HN,Shaoyang,15.42
HN,Xiangtan,79.9
HN,Xiangxi,0
HN,Yiyang,32.07
HN,Yongzhou,77.73
HN,Yueyang,79.08
HN,Zhangjiajie,3.08
HN,Zhuzhou,113.88
MX,Alxa,2529.06
MX,Batou,312.8
MX,Bayannur,698.72
MD,Chifeng,478.4
MX,Hohhot,177.85
MD,Hulunbuir,798.55
MX,Ordos,893.63
MD,Tongliao,161.82
MX,Ulanqab,597.51
MX,Wuhai,21.31
MX,XilinGol,1552.09
MD,Xingan,423.36
JS,Changzhou,32.87
JS,Lianyungang,13
JS,Nanjing,44.03
JS,Nantong,18.09
JS,Suqian,7.26
JS,Suzhou,37.76
JS,Taizhoux,31.97
JS,Weian,13.35
JS,Wuxi,20.73
JS,Xuzhou,21.2
JS,Yancheng,23.91
JS,Yangzhou,17.87
JS,Zhenjiang,21.13
JX,Fuzhoux,138.33
JX,Ganzhou,322.65
JX,Jian,232.94
JX,Jingdezhen,33.85
JX,Jiujiang,33.47
JX,Nanchang,3
JX,Pingxiang,35.65
JX,Shangrao,124.29
JX,Xinyu,38.22
JX,Yichun,148.51
JX,Yingtan,38.75
JL,Baicheng,119.5
JL,Baishan,3.12
JL,Changchun,28.05
JL,Jilinx,16.43
JL,Liaoyuan,5.89
JL,Siping,11.72
JL,Songyuan,47.62
JL,Tonghua,8.12
JL,Yanbian,1.17
LN,Anshan,40.37
LN,Benxi,1.71
LN,Chaoyang,123.1
LN,Dalian,31.09
LN,Dandong,53.61
LN,Fushun,4.23
LN,Fuxin,20.82
LN,Huludao,42.03
LN,Jinzhou,15.51
LN,Liaoyang,9.59
LN,Panjin,1.08
LN,Shenyang,17.67
LN,Tieling,19.36
LN,Yingkou,15.24
NX,Guyuan,22.6
NX,Shizuishan,27.8
NX,Wuzhong,214.19
NX,Yinchuan,58.66
NX,Zhongwei,126.59
QH,Guoluo,220.01
QH,Haibei,183.55
QH,Haidong,77.91
QH,Hainanx,404.18
QH,Haixi,3016.1
QH,Huangnan,198.85
QH,Xining,31.15
QH,Yushu,531.4
SN,Ankang,6.69
SN,Baoji,17.49
SN,Hanzhong,4.72
SN,Shangluo,0.74
SN,Tongchuan,9.52
SN,Weinan,20.04
SN,Xian,9.82
SN,Xianyang,14.68
SN,Yanyan,38.1
SN,Yulinx,125.32
SD,Binzhou,19.1
SD,Dezhou,15.88
SD,Dongying,17.08
SD,Heze,20.52
SD,Jinan,17.43
SD,Jining,18.26
SD,Liaocheng,14.06
SD,Linyi,30.59
SD,Qingdao,18.91
SD,Rizhao,8.72
SD,Taian,11.97
SD,Weifang,33.62
SD,Weihai,7.52
SD,Yantai,21.89
SD,Zhaozhuang,8.52
SD,Zibo,11.08
SH,Shanghai,17.26
SX,Changzhi,53.26
SX,Datong,112.43
SX,Jincheng,41.91
SX,Jinzhong,46.1
SX,Linfen,44.5
SX,Lvliang,57.48
SX,Shuozhou,100.99
SX,Taiyuan,52.33
SX,Xinzhou,141.81
SX,Yangquan,0
SX,Yuncheng,29.52
SC,Aba,94.8
SC,Bazhong,0
SC,Chengdu,0
SC,Dazhou,0
SC,Deyang,0
SC,Ganzi,679.16
SC,Guangan,0
SC,Guangyuan,0
SC,Leshan,0
SC,Liangshan,137.74
SC,Luzhou,0
SC,Meishan,0
SC,Mianyang,0
SC,Nanchong,0
SC,Neijiang,0
SC,Panzhihua,19.75
SC,Suining,0
SC,Yaan,0.38
SC,Yibin,0
SC,Zigong,0
SC,Ziyang,0
XJ,Aksu,1076.22
XJ,Altay,525.9
XJ,Arai,2.84
XJ,Bayingolin,4442.14
XJ,Beitun,1.2
XJ,Bortala,22.09
XJ,Changji,594.24
XJ,Hami,1466.01
XJ,Hotan,2780.85
XJ,Huyanghe,4.18
XJ,IliKazakh,55.86
XJ,Karamay,64.63
XJ,Kashgar,894.13
XJ,KizilsuKirgiz,381.46
XJ,Kokdala,6.39
XJ,Kunyu,10
XJ,Shihezi,2.6
XJ,Shuanghe,0
XJ,Tacheng,590.89
XJ,Tiemenguan,4.25
XJ,Tumshuk,22.15
XJ,Turpan,737.94
XJ,Urumqi,76.29
XJ,Wujiaqu,5.43
TJ,Tianjin,19.39
XZ,Ali,3764.75
XZ,Changdu,417.74
XZ,Lhasa,175.18
XZ,Nagqu,4381.35
XZ,Nyingchi,132.89
XZ,Shannan,262.37
XZ,Shigatse,1205.77
YN,Baoshan,57.23
YN,Chuxiong,170.3
YN,Dali,97.01
YN,Dehong,7.48
YN,Diqing,0.1
YN,Honghe,230.71
YN,Kunming,135.47
YN,Lijiang,3
YN,Lincang,67.13
YN,Nujiang,3.21
YN,Puer,46.12
YN,Qujing,137.37
YN,Wenshan,373.01
YN,Xishuangbanna,2.2
YN,Yuxi,86.72
YN,Zhaotong,33.98
ZJ,Hangzhou,51.35
ZJ,Huzhou,54.38
ZJ,Jiaxing,16.19
ZJ,Jinhua,66.52
ZJ,Lishui,22.99
ZJ,Ningbo,39.14
ZJ,Quzhou,46.8
ZJ,Shaoxing,46.21
ZJ,Taizhou,44.72
ZJ,Wenzhou,34.26
ZJ,Zhoushan,0.5
