prov,pref,WT_Cap
AH,Anqing,0.7
AH,Bengbu,19.63
AH,Bozhou,30.98
AH,Chizhou,0.5
AH,Chuzhou,43.79
AH,Fuyang,34.05
AH,Hefei,31.84
AH,Huaibei,9.33
AH,Huainan,12.63
AH,Huangshan,0
AH,Luan,3.68
AH,Maanshan,11.76
AH,Suzhoux,35.21
AH,Tongling,0.13
AH,Wuhu,12.35
AH,Xuancheng,3.52
BJ,Beijing,16.18
CQ,Chongqing,2
FJ,Fuzhou,5.25
FJ,Longyan,0.3
FJ,Nanping,0
FJ,Ningde,2.93
FJ,Putian,3.23
FJ,Quanzhou,4.86
FJ,Sanming,0.3
FJ,Xiamen,1.37
FJ,Zhangzhou,13.51
GS,Baiyin,23.32
GS,Dingxi,2.2
GS,Gannan,0
GS,Jiayuguan,1.15
GS,Jinchang,21.56
GS,Jiuquan,364.38
GS,Lanzhou,3.58
GS,Linxia,0
GS,Longnan,0.9
GS,Pingliang,5
GS,Qingyang,6.22
GS,Tianshui,0.825
GS,Wuwei,71.98
GS,Zhangye,11.32
GD,Chaozhou,0.67
GD,Dongguan,1.03
GD,Foshan,6.17
GD,Guangzhou,9.68
GD,Heyuan,1.86
GD,Huizhou,7.71
GD,Jiangmen,23.14
GD,Jieyang,12.78
GD,Maoming,32.06
GD,Meizhou,2.79
GD,Qingyuan,2.73
GD,Shantou,2.3
GD,Shanwei,11.92
GD,Shaoguan,0.6
GD,Shenzhen,0.61
GD,Yangjiang,16.47
GD,Yunfu,3.24
GD,Zhanjiang,37.67
GD,Zhaoqing,4.7
GD,Zhongshan,0
GD,Zhuhai,0.18
GX,Baise,22.94
GX,Beihai,9.75
GX,Chongzuo,39.24
GX,Fangchenggang,7.3
GX,Guigang,21.65
GX,Guilin,3.7
GX,Hechi,19.99
GX,Hezhou,0.6
GX,Laibin,32.71
GX,Liuzhou,32.96
GX,Nanning,68.58
GX,Qinzhou,35.76
GX,Wuzhou,1.75
GX,Yulin,37.44
GZ,Anshun,5.6
GZ,Bijie,8.84
GZ,Guiyang,26.97
GZ,Liupanshui,0.75
GZ,Qiandongnan,4.53
GZ,Qiannan,12.17
GZ,Qianxinan,1.45
GZ,Tongren,0.95
GZ,Zunyi,1.36
HI,Baisha,0
HI,Baoting,0.53
HI,Changjiang,1.38
HI,Chengmai,0.12
HI,Danzhou,0.38
HI,Dingan,0.28
HI,Dongfang,0.098
HI,Haikou,0.67
HI,Ledong,1.63
HI,Lingao,0.18
HI,Lingshui,2.06
HI,Qionghai,3.37
HI,Qiongzhong,0
HI,Sanya,2.2
HI,Tunchang,0
HI,Wanning,2.84
HI,Wenchang,2.15
HI,Wuzhishan,0
HE,Baoding,12.71
HE,Cangzhou,48.33
HE,Chengde,55.66
HE,Handan,25.35
HE,Hengshui,31.63
HE,Langfang,22.31
HE,Qinhuangdao,20.74
HE,Shijiazhuang,10.11
HE,Tangshan,21.02
HE,Xingtai,32.26
HE,Zhangjiakou,74.69
HL,Daqing,23
HL,Daxing,0.1
HL,Harbin,84.56
HL,Hegang,4.1
HL,Heihe,50.58
HL,Jiamusi,21.23
HL,Jixi,13.03
HL,Mudanjiang,0.85
HL,Qiqihar,45.98
HL,Qitaihe,13.65
HL,Shuangyashan,4.25
HL,Suihua,90.85
HL,Yichunx,0.73
HA,Anyang,23.87
HA,Hebi,7.34
HA,Jiaozuo,2.52
HA,Jiyuan,0.5
HA,Kaifeng,22.23
HA,Luohe,9.44
HA,Luoyang,1.75
HA,Nanyang,10.14
HA,Pingdingshan,17.87
HA,Puyang,15.18
HA,Sanmenxia,2.1
HA,Shangqiu,38.59
HA,Xinxiang,27.95
HA,Xinyang,20.3
HA,Xuchang,17.82
HA,Zhengzhou,21.94
HA,Zhoukou,43.33
HA,Zhumadian,38.05
HB,Enshi,0.7
HB,Ezhou,0
HB,Huanggang,0.874
HB,Huangshi,0.116
HB,Jingmen,20.75
HB,Jingzhou,38.87
HB,Qianjiang,7.25
HB,Shennongjia,0
HB,Shiyan,0
HB,Suizhou,5.26
HB,Tianmen,9.18
HB,Wuhan,1.14
HB,Xiangyang,1.8
HB,Xianning,0.8
HB,Xiantao,4.49
HB,Xiaogan,20.88
HB,Yichang,3.11
HN,Changde,13.42
HN,Changsha,1.11
HN,Chenzhou,3.22
HN,Hengyang,0.62
HN,Huaihua,1.75
HN,Loudi,2.73
HN,Shaoyang,1.53
HN,Xiangtan,10.87
HN,Xiangxi,0.5
HN,Yiyang,0.81
HN,Yongzhou,5
HN,Yueyang,5.4
HN,Zhangjiajie,0.09
HN,Zhuzhou,0.6
MX,Alxa,706.67
MX,Batou,99.73
MX,Bayannur,237.3
MD,Chifeng,181.58
MX,Hohhot,62.3
MD,Hulunbuir,477.72
MX,Ordos,245.89
MD,Tongliao,59.7
MX,Ulanqab,183.67
MX,Wuhai,5.96
MX,XilinGol ,544.92
MD,Xingan,189.81
JS,Changzhou,10.27
JS,Lianyungang,23.12
JS,Nanjing,17.23
JS,Nantong,26.33
JS,Suqian,11.72
JS,Suzhou,7.87
JS,Taizhoux,17.67
JS,Weian,18.82
JS,Wuxi,6.15
JS,Xuzhou,36.73
JS,Yancheng,42.88
JS,Yangzhou,19.56
JS,Zhenjiang,11.15
JX,Fuzhoux,0.45
JX,Ganzhou,2.85
JX,Jian,1.5
JX,Jingdezhen,1.21
JX,Jiujiang,1.45
JX,Nanchang,0
JX,Pingxiang,0
JX,Shangrao,2.76
JX,Xinyu,0
JX,Yichun,0.63
JX,Yingtan,0
JL,Baicheng,67.24
JL,Baishan,0.03
JL,Changchun,87.18
JL,Jilinx,29.12
JL,Liaoyuan,17.74
JL,Siping,36.01
JL,Songyuan,73.89
JL,Tonghua,17.39
JL,Yanbian,1.16
LN,Anshan,27.53
LN,Benxi,1.45
LN,Chaoyang,64.23
LN,Dalian,37.17
LN,Dandong,23.47
LN,Fushun,6.44
LN,Fuxin,35.54
LN,Huludao,35.56
LN,Jinzhou,31.81
LN,Liaoyang,13.01
LN,Panjin,1.41
LN,Shenyang,43.13
LN,Tieling,42.36
LN,Yingkou,12.48
NX,Guyuan,18.08
NX,Shizuishan,14.85
NX,Wuzhong,60.52
NX,Yinchuan,24.66
NX,Zhongwei,36.35
QH,Guoluo,0
QH,Haibei,0
QH,Haidong,0.1
QH,Hainanx,7.8
QH,Haixi,268.92
QH,Huangnan,0.25
QH,Xining,0
QH,Yushu,0
SN,Ankang,0
SN,Baoji,0.55
SN,Hanzhong,0
SN,Shangluo,0
SN,Tongchuan,1.44
SN,Weinan,2.31
SN,Xian,0
SN,Xianyang,0.75
SN,Yanyan,18.12
SN,Yulinx,33.13
SD,Binzhou,29.73
SD,Dezhou,37.63
SD,Dongying,14.3
SD,Heze,43.35
SD,Jinan,34.17
SD,Jining,34.58
SD,Liaocheng,30.6
SD,Linyi,58.94
SD,Qingdao,32.76
SD,Rizhao,18.03
SD,Taian,25.86
SD,Weifang,51.19
SD,Weihai,17.11
SD,Yantai,44.73
SD,Zhaozhuang,14.93
SD,Zibo,18.08
SH,Shanghai,6.09
SX,Changzhi,38.46
SX,Datong,41.68
SX,Jincheng,19.54
SX,Jinzhong,19.13
SX,Linfen,16.3
SX,Lvliang,22.62
SX,Shuozhou,38.86
SX,Taiyuan,14.36
SX,Xinzhou,54.42
SX,Yangquan,0.78
SX,Yuncheng,2.78
SC,Aba,0
SC,Bazhong,0
SC,Chengdu,0
SC,Dazhou,0
SC,Deyang,0
SC,Ganzi,0.06
SC,Guangan,0
SC,Guangyuan,1.2
SC,Leshan,0
SC,Liangshan,6.45
SC,Luzhou,0.15
SC,Meishan,0
SC,Mianyang,0.13
SC,Nanchong,0
SC,Neijiang,0
SC,Panzhihua,0.418
SC,Suining,0
SC,Yaan,0.05
SC,Yibin,0
SC,Zigong,0
SC,Ziyang,0
XJ,Aksu,5.55
XJ,Altay,142.28
XJ,Arai,0
XJ,Bayingolin,637.01
XJ,Beitun,0.46
XJ,Bortala,0.6
XJ,Changji,139.57
XJ,Hami,424.16
XJ,Hotan,134.71
XJ,Huyanghe,2.33
XJ,IliKazakh,17.52
XJ,Karamay,14.17
XJ,Kashgar,0.03
XJ,KizilsuKirgiz,20.74
XJ,Kokdala,3.5
XJ,Kunyu,0
XJ,Shihezi,0
XJ,Shuanghe,0.15
XJ,Tacheng,153.54
XJ,Tiemenguan,0.4
XJ,Tumshuk,0
XJ,Turpan,130.79
XJ,Urumqi,7.24
XJ,Wujiaqu,0.1
TJ,Tianjin,22.24
XZ,Ali,0
XZ,Changdu,0.1
XZ,Lhasa,0
XZ,Nagqu,0.35
XZ,Nyingchi,0
XZ,Shannan,0.075
XZ,Shigatse,0.25
YN,Baoshan,0.175
YN,Chuxiong,28.13
YN,Dali,1.88
YN,Dehong,0
YN,Diqing,0
YN,Honghe,15.73
YN,Kunming,33.66
YN,Lijiang,0.15
YN,Lincang,0
YN,Nujiang,0
YN,Puer,0.1
YN,Qujing,20.14
YN,Wenshan,38.84
YN,Xishuangbanna,0
YN,Yuxi,7.11
YN,Zhaotong,0.4
ZJ,Hangzhou,0.04
ZJ,Huzhou,3.81
ZJ,Jiaxing,9.25
ZJ,Jinhua,0.16
ZJ,Lishui,0.35
ZJ,Ningbo,16.36
ZJ,Quzhou,0
ZJ,Shaoxing,7.8
ZJ,Taizhou,16.73
ZJ,Wenzhou,13.32
ZJ,Zhoushan,0.16
